,date,price,volume
60,2021-02-01 01:00:00+00:00,2.231,796
61,2021-02-02 01:00:00+00:00,2.245,783
62,2021-02-03 01:00:00+00:00,2.141,1081
63,2021-02-04 01:00:00+00:00,2.148,981
64,2021-02-05 01:00:00+00:00,2.076,903
65,2021-02-06 01:00:00+00:00,2.063,910
66,2021-02-07 01:00:00+00:00,2.067,845
67,2021-02-08 01:00:00+00:00,2.129,783
68,2021-02-09 01:00:00+00:00,2.096,845
69,2021-02-10 01:00:00+00:00,1.926,1227
70,2021-02-11 01:00:00+00:00,1.956,1006
71,2021-02-12 01:00:00+00:00,1.86,1046
72,2021-02-13 01:00:00+00:00,1.897,1117
73,2021-02-14 01:00:00+00:00,1.854,1078
74,2021-02-15 01:00:00+00:00,1.932,905
75,2021-02-16 01:00:00+00:00,2.023,826
76,2021-02-17 01:00:00+00:00,1.974,1086
77,2021-02-18 01:00:00+00:00,2.112,996
78,2021-02-19 01:00:00+00:00,2.17,1024
79,2021-02-20 01:00:00+00:00,2.121,961
80,2021-02-21 01:00:00+00:00,2.15,912
81,2021-02-22 01:00:00+00:00,2.1,846
82,2021-02-23 01:00:00+00:00,2.135,894
83,2021-02-24 01:00:00+00:00,2.097,1131
84,2021-02-25 01:00:00+00:00,2.084,1027
85,2021-02-26 01:00:00+00:00,2.102,1010
86,2021-02-27 01:00:00+00:00,2.114,1045
87,2021-02-28 01:00:00+00:00,2.083,967
88,2021-03-01 01:00:00+00:00,2.1,961
89,2021-03-02 01:00:00+00:00,2.162,869
90,2021-03-03 01:00:00+00:00,2.136,1025
91,2021-03-04 01:00:00+00:00,2.153,944
92,2021-03-05 01:00:00+00:00,2.225,1019
93,2021-03-06 01:00:00+00:00,2.227,1049
94,2021-03-07 01:00:00+00:00,2.273,1082
95,2021-03-08 01:00:00+00:00,2.277,972
96,2021-03-09 01:00:00+00:00,2.228,945
97,2021-03-10 01:00:00+00:00,2.164,1219
98,2021-03-11 01:00:00+00:00,2.176,1055
99,2021-03-12 01:00:00+00:00,2.226,1054
100,2021-03-13 01:00:00+00:00,2.302,1073
101,2021-03-14 01:00:00+00:00,2.24,986
102,2021-03-15 01:00:00+00:00,2.282,922
103,2021-03-16 01:00:00+00:00,2.27,941
104,2021-03-17 01:00:00+00:00,2.158,1450
105,2021-03-18 01:00:00+00:00,2.116,1272
106,2021-03-19 01:00:00+00:00,2.066,1403
107,2021-03-20 01:00:00+00:00,2.175,1453
108,2021-03-21 01:00:00+00:00,2.206,1286
109,2021-03-22 01:00:00+00:00,2.27,1144
110,2021-03-23 01:00:00+00:00,2.353,1088
111,2021-03-24 01:00:00+00:00,2.317,983
112,2021-03-25 01:00:00+00:00,2.27,1028
113,2021-03-26 01:00:00+00:00,2.25,1065
114,2021-03-27 01:00:00+00:00,2.191,959
115,2021-03-28 01:00:00+00:00,2.185,970
116,2021-03-29 01:00:00+00:00,2.132,872
117,2021-03-30 01:00:00+00:00,2.104,824
118,2021-03-31 01:00:00+00:00,2.079,895
119,2021-04-01 01:00:00+00:00,2.08,790
120,2021-04-02 01:00:00+00:00,2.085,877
121,2021-04-03 01:00:00+00:00,2.102,1000
122,2021-04-04 01:00:00+00:00,2.153,919
123,2021-04-05 01:00:00+00:00,2.184,793
124,2021-04-06 01:00:00+00:00,2.161,828
125,2021-04-07 01:00:00+00:00,1.893,1451
126,2021-04-08 01:00:00+00:00,1.74,1400
127,2021-04-09 01:00:00+00:00,1.741,1285
128,2021-04-10 01:00:00+00:00,1.84,1056
129,2021-04-11 01:00:00+00:00,1.848,900
130,2021-04-12 01:00:00+00:00,1.844,888
131,2021-04-13 01:00:00+00:00,1.852,829
132,2021-04-14 01:00:00+00:00,1.927,256
133,2021-04-15 01:00:00+00:00,1.894,998
134,2021-04-16 01:00:00+00:00,1.91,827
135,2021-04-17 01:00:00+00:00,1.911,784
136,2021-04-18 01:00:00+00:00,1.923,767
137,2021-04-19 01:00:00+00:00,1.896,690
138,2021-04-20 01:00:00+00:00,1.909,702
139,2021-04-21 01:00:00+00:00,1.891,778
140,2021-04-22 01:00:00+00:00,1.923,740
141,2021-04-23 01:00:00+00:00,1.919,759
142,2021-04-24 01:00:00+00:00,1.957,790
143,2021-04-25 01:00:00+00:00,1.968,733
144,2021-04-26 01:00:00+00:00,1.991,649
145,2021-04-27 01:00:00+00:00,1.987,712
146,2021-04-28 01:00:00+00:00,1.997,716
147,2021-04-29 01:00:00+00:00,1.949,642
148,2021-04-30 01:00:00+00:00,1.991,780
149,2021-05-01 01:00:00+00:00,2.027,712
150,2021-05-02 01:00:00+00:00,2.049,723
151,2021-05-03 01:00:00+00:00,2.02,754
152,2021-05-04 01:00:00+00:00,2.087,947
153,2021-05-05 01:00:00+00:00,2.159,890
154,2021-05-06 01:00:00+00:00,2.135,797
155,2021-05-07 01:00:00+00:00,2.233,732
156,2021-05-08 01:00:00+00:00,2.19,819
157,2021-05-09 01:00:00+00:00,2.218,732
158,2021-05-10 01:00:00+00:00,2.232,728
159,2021-05-11 01:00:00+00:00,2.292,736
160,2021-05-12 01:00:00+00:00,2.318,682
161,2021-05-13 01:00:00+00:00,2.336,681
162,2021-05-14 01:00:00+00:00,2.332,615
163,2021-05-15 01:00:00+00:00,2.399,692
164,2021-05-16 01:00:00+00:00,2.391,635
165,2021-05-17 01:00:00+00:00,2.41,619
166,2021-05-18 01:00:00+00:00,2.374,592
167,2021-05-19 01:00:00+00:00,2.374,559
168,2021-05-20 01:00:00+00:00,2.384,534
169,2021-05-21 01:00:00+00:00,2.341,638
170,2021-05-22 01:00:00+00:00,2.414,665
171,2021-05-23 01:00:00+00:00,2.433,605
172,2021-05-24 01:00:00+00:00,2.426,552
173,2021-05-25 01:00:00+00:00,2.47,523
174,2021-05-26 01:00:00+00:00,2.453,547
175,2021-05-27 01:00:00+00:00,2.417,544
176,2021-05-28 01:00:00+00:00,2.358,637
177,2021-05-29 01:00:00+00:00,2.386,647
178,2021-05-30 01:00:00+00:00,2.379,653
179,2021-05-31 01:00:00+00:00,2.403,591
180,2021-06-01 01:00:00+00:00,2.49,537
181,2021-06-02 01:00:00+00:00,2.483,515
182,2021-06-03 01:00:00+00:00,2.555,558
183,2021-06-04 01:00:00+00:00,2.475,598
184,2021-06-05 01:00:00+00:00,2.488,619
185,2021-06-06 01:00:00+00:00,2.509,517
186,2021-06-07 01:00:00+00:00,2.516,514
187,2021-06-08 01:00:00+00:00,2.594,499
188,2021-06-09 01:00:00+00:00,2.524,499
189,2021-06-10 01:00:00+00:00,2.566,435
190,2021-06-11 01:00:00+00:00,2.611,510
191,2021-06-12 01:00:00+00:00,2.639,485
192,2021-06-13 01:00:00+00:00,2.592,489
193,2021-06-14 01:00:00+00:00,2.603,477
194,2021-06-15 01:00:00+00:00,2.565,420
195,2021-06-16 01:00:00+00:00,2.615,510
196,2021-06-17 01:00:00+00:00,2.6,426
197,2021-06-18 01:00:00+00:00,2.622,469
198,2021-06-19 01:00:00+00:00,2.627,472
199,2021-06-20 01:00:00+00:00,2.641,457
200,2021-06-21 01:00:00+00:00,2.62,408
201,2021-06-22 01:00:00+00:00,2.606,438
202,2021-06-23 01:00:00+00:00,2.537,434
203,2021-06-24 01:00:00+00:00,2.311,726
204,2021-06-25 01:00:00+00:00,2.154,711
205,2021-06-26 01:00:00+00:00,2.223,590
206,2021-06-27 01:00:00+00:00,2.284,569
207,2021-06-28 01:00:00+00:00,2.271,530
208,2021-06-29 01:00:00+00:00,2.267,518
209,2021-06-30 01:00:00+00:00,2.276,468
210,2021-07-01 01:00:00+00:00,2.263,437
211,2021-07-02 01:00:00+00:00,2.323,450
212,2021-07-03 01:00:00+00:00,2.335,455
213,2021-07-04 01:00:00+00:00,2.36,409
214,2021-07-05 01:00:00+00:00,2.288,451
215,2021-07-06 01:00:00+00:00,2.243,461
216,2021-07-07 01:00:00+00:00,2.234,420
217,2021-07-08 01:00:00+00:00,2.317,490
218,2021-07-09 01:00:00+00:00,2.439,388
219,2021-07-10 01:00:00+00:00,2.481,335
220,2021-07-11 01:00:00+00:00,2.461,375
221,2021-07-12 01:00:00+00:00,2.499,418
222,2021-07-13 01:00:00+00:00,2.509,383
223,2021-07-14 01:00:00+00:00,2.525,386
224,2021-07-15 01:00:00+00:00,2.568,385
225,2021-07-16 01:00:00+00:00,2.603,325
226,2021-07-17 01:00:00+00:00,2.56,388
227,2021-07-18 01:00:00+00:00,2.635,394
228,2021-07-19 01:00:00+00:00,2.677,366
229,2021-07-20 01:00:00+00:00,2.611,352
230,2021-07-21 01:00:00+00:00,2.677,361
231,2021-07-22 01:00:00+00:00,2.747,333
232,2021-07-23 01:00:00+00:00,2.702,387
233,2021-07-24 01:00:00+00:00,2.804,373
234,2021-07-25 01:00:00+00:00,2.778,363
235,2021-07-26 01:00:00+00:00,2.736,324
236,2021-07-27 01:00:00+00:00,2.792,215
237,2021-07-28 01:00:00+00:00,2.767,361
238,2021-07-29 01:00:00+00:00,2.75,329
239,2021-07-30 01:00:00+00:00,2.754,342
240,2021-07-31 01:00:00+00:00,2.795,408
241,2021-08-01 01:00:00+00:00,2.773,351
242,2021-08-02 01:00:00+00:00,2.773,341
243,2021-08-03 01:00:00+00:00,2.809,336
244,2021-08-04 01:00:00+00:00,2.851,347
245,2021-08-05 01:00:00+00:00,2.867,304
246,2021-08-06 01:00:00+00:00,2.788,423
247,2021-08-07 01:00:00+00:00,2.818,356
248,2021-08-08 01:00:00+00:00,2.825,363
249,2021-08-09 01:00:00+00:00,2.777,343
250,2021-08-10 01:00:00+00:00,2.817,353
251,2021-08-11 01:00:00+00:00,2.881,393
252,2021-08-12 01:00:00+00:00,2.904,313
253,2021-08-13 01:00:00+00:00,2.881,353
254,2021-08-14 01:00:00+00:00,2.861,344
255,2021-08-15 01:00:00+00:00,2.868,350
256,2021-08-16 01:00:00+00:00,2.843,367
257,2021-08-17 01:00:00+00:00,2.809,357
258,2021-08-18 01:00:00+00:00,2.812,313
259,2021-08-19 01:00:00+00:00,2.772,373
260,2021-08-20 01:00:00+00:00,2.767,364
261,2021-08-21 01:00:00+00:00,2.766,352
262,2021-08-22 01:00:00+00:00,2.809,364
263,2021-08-23 01:00:00+00:00,2.804,380
264,2021-08-24 01:00:00+00:00,2.835,355
265,2021-08-25 01:00:00+00:00,2.817,351
266,2021-08-26 01:00:00+00:00,2.877,344
267,2021-08-27 01:00:00+00:00,2.913,355
268,2021-08-28 01:00:00+00:00,3.009,334
269,2021-08-29 01:00:00+00:00,2.968,356
270,2021-08-30 01:00:00+00:00,2.931,326
271,2021-08-31 01:00:00+00:00,2.96,319
272,2021-09-01 01:00:00+00:00,3.018,295
273,2021-09-02 01:00:00+00:00,3.071,268
274,2021-09-03 01:00:00+00:00,3.138,284
275,2021-09-04 01:00:00+00:00,3.154,345
276,2021-09-05 01:00:00+00:00,3.171,284
277,2021-09-06 01:00:00+00:00,3.181,291
278,2021-09-07 01:00:00+00:00,3.187,274
279,2021-09-08 01:00:00+00:00,3.092,285
280,2021-09-09 01:00:00+00:00,3.035,274
281,2021-09-10 01:00:00+00:00,3.073,343
282,2021-09-11 01:00:00+00:00,3.107,359
283,2021-09-12 01:00:00+00:00,3.058,345
284,2021-09-13 01:00:00+00:00,3.074,293
285,2021-09-14 01:00:00+00:00,3.113,298
286,2021-09-15 01:00:00+00:00,3.039,292
287,2021-09-16 01:00:00+00:00,3.061,295
288,2021-09-17 01:00:00+00:00,3.042,293
289,2021-09-18 01:00:00+00:00,2.999,301
290,2021-09-19 01:00:00+00:00,3.026,325
291,2021-09-20 01:00:00+00:00,2.988,288
292,2021-09-21 01:00:00+00:00,3.008,308
293,2021-09-22 01:00:00+00:00,2.109,1533
294,2021-09-23 01:00:00+00:00,1.821,609
295,2021-09-24 01:00:00+00:00,2.018,487
296,2021-09-25 01:00:00+00:00,2.188,459
297,2021-09-26 01:00:00+00:00,2.246,401
298,2021-09-27 01:00:00+00:00,2.277,357
299,2021-09-28 01:00:00+00:00,2.262,320
300,2021-09-29 01:00:00+00:00,2.176,376
301,2021-09-30 01:00:00+00:00,2.183,394
302,2021-10-01 01:00:00+00:00,2.223,394
303,2021-10-02 01:00:00+00:00,2.221,421
304,2021-10-03 01:00:00+00:00,2.276,416
305,2021-10-04 01:00:00+00:00,2.348,354
306,2021-10-05 01:00:00+00:00,2.316,367
307,2021-10-06 01:00:00+00:00,2.359,379
308,2021-10-07 01:00:00+00:00,2.419,343
309,2021-10-08 01:00:00+00:00,2.364,384
310,2021-10-09 01:00:00+00:00,2.375,366
311,2021-10-10 01:00:00+00:00,2.345,397
312,2021-10-11 01:00:00+00:00,2.326,313
313,2021-10-12 01:00:00+00:00,2.352,320
314,2021-10-13 01:00:00+00:00,2.319,373
315,2021-10-14 01:00:00+00:00,2.28,356
316,2021-10-15 01:00:00+00:00,2.231,377
317,2021-10-16 01:00:00+00:00,2.225,412
318,2021-10-17 01:00:00+00:00,2.174,329
319,2021-10-18 01:00:00+00:00,2.132,304
320,2021-10-19 01:00:00+00:00,2.136,334
321,2021-10-20 01:00:00+00:00,2.088,331
322,2021-10-21 01:00:00+00:00,2.07,309
323,2021-10-22 01:00:00+00:00,1.859,560
324,2021-10-23 01:00:00+00:00,1.843,439
325,2021-10-24 01:00:00+00:00,1.933,396
326,2021-10-25 01:00:00+00:00,1.891,381
327,2021-10-26 01:00:00+00:00,1.882,332
328,2021-10-27 01:00:00+00:00,1.927,307
329,2021-10-28 01:00:00+00:00,1.912,404
330,2021-10-29 01:00:00+00:00,1.905,407
331,2021-10-30 01:00:00+00:00,1.944,405
332,2021-10-31 01:00:00+00:00,1.965,419
333,2021-11-01 01:00:00+00:00,2.03,382
334,2021-11-02 01:00:00+00:00,2.079,314
335,2021-11-03 01:00:00+00:00,2.097,357
336,2021-11-04 01:00:00+00:00,2.1,356
337,2021-11-05 01:00:00+00:00,2.051,337
338,2021-11-06 01:00:00+00:00,2.054,390
339,2021-11-07 01:00:00+00:00,2.037,368
340,2021-11-08 01:00:00+00:00,1.974,396
341,2021-11-09 01:00:00+00:00,2.03,306
342,2021-11-10 01:00:00+00:00,1.843,436
343,2021-11-11 01:00:00+00:00,1.872,410
344,2021-11-12 01:00:00+00:00,1.921,338
345,2021-11-13 01:00:00+00:00,1.953,373
346,2021-11-14 01:00:00+00:00,1.981,350
347,2021-11-15 01:00:00+00:00,2.014,295
348,2021-11-16 01:00:00+00:00,1.981,290
349,2021-11-17 01:00:00+00:00,2.029,331
350,2021-11-18 01:00:00+00:00,2.037,326
351,2021-11-19 01:00:00+00:00,1.982,319
352,2021-11-20 01:00:00+00:00,2.024,338
353,2021-11-21 01:00:00+00:00,2.033,300
354,2021-11-22 01:00:00+00:00,2.035,301
355,2021-11-23 01:00:00+00:00,2.014,269
356,2021-11-24 01:00:00+00:00,1.938,340
357,2021-11-25 01:00:00+00:00,1.856,409
358,2021-11-26 01:00:00+00:00,1.9,424
359,2021-11-27 01:00:00+00:00,1.865,346
360,2021-11-28 01:00:00+00:00,1.88,375
361,2021-11-29 01:00:00+00:00,1.896,309
362,2021-11-30 01:00:00+00:00,1.815,413
363,2021-12-01 01:00:00+00:00,1.845,343
364,2021-12-02 01:00:00+00:00,1.927,302
365,2021-12-03 01:00:00+00:00,1.975,354
366,2021-12-04 01:00:00+00:00,2.08,362
367,2021-12-05 01:00:00+00:00,2.077,335
368,2021-12-06 01:00:00+00:00,2.084,289
369,2021-12-07 01:00:00+00:00,2.106,281
370,2021-12-08 01:00:00+00:00,2.104,294
371,2021-12-09 01:00:00+00:00,2.109,259
372,2021-12-10 01:00:00+00:00,2.168,306
373,2021-12-11 01:00:00+00:00,2.186,342
374,2021-12-12 01:00:00+00:00,2.147,284
375,2021-12-13 01:00:00+00:00,2.152,255
376,2021-12-14 01:00:00+00:00,2.153,230
377,2021-12-15 01:00:00+00:00,2.068,289
378,2021-12-16 01:00:00+00:00,2.086,261
379,2021-12-17 01:00:00+00:00,2.099,252
380,2021-12-18 01:00:00+00:00,2.143,319
381,2021-12-19 01:00:00+00:00,2.098,289
382,2021-12-20 01:00:00+00:00,2.134,268
383,2021-12-21 01:00:00+00:00,2.141,255
384,2021-12-22 01:00:00+00:00,2.092,278
385,2021-12-23 01:00:00+00:00,1.986,298
386,2021-12-24 01:00:00+00:00,2.018,320
387,2021-12-25 01:00:00+00:00,2.095,327
388,2021-12-26 01:00:00+00:00,2.111,357
389,2021-12-27 01:00:00+00:00,2.082,279
390,2021-12-28 01:00:00+00:00,2.118,288
391,2021-12-29 01:00:00+00:00,2.13,314
392,2021-12-30 01:00:00+00:00,2.167,336
393,2021-12-31 01:00:00+00:00,2.241,324
394,2022-01-01 01:00:00+00:00,2.271,348
395,2022-01-02 01:00:00+00:00,2.248,363
396,2022-01-03 01:00:00+00:00,2.18,352
397,2022-01-04 01:00:00+00:00,2.234,342
398,2022-01-05 01:00:00+00:00,2.246,357
399,2022-01-06 01:00:00+00:00,2.346,333
400,2022-01-07 01:00:00+00:00,2.333,340
401,2022-01-08 01:00:00+00:00,2.391,346
402,2022-01-09 01:00:00+00:00,2.37,318
403,2022-01-10 01:00:00+00:00,2.316,272
404,2022-01-11 01:00:00+00:00,2.428,267
405,2022-01-12 01:00:00+00:00,2.406,299
406,2022-01-13 01:00:00+00:00,2.453,255
407,2022-01-14 01:00:00+00:00,2.457,276
408,2022-01-15 01:00:00+00:00,2.428,300
409,2022-01-16 01:00:00+00:00,2.436,285
410,2022-01-17 01:00:00+00:00,2.415,273
411,2022-01-18 01:00:00+00:00,2.478,274
412,2022-01-19 01:00:00+00:00,2.356,259
413,2022-01-20 01:00:00+00:00,2.398,288
414,2022-01-21 01:00:00+00:00,2.371,351
415,2022-01-22 01:00:00+00:00,2.418,385
416,2022-01-23 01:00:00+00:00,2.44,404
417,2022-01-24 01:00:00+00:00,2.412,319
418,2022-01-25 01:00:00+00:00,2.437,319
419,2022-01-26 01:00:00+00:00,2.454,314
420,2022-01-27 01:00:00+00:00,2.418,336
421,2022-01-28 01:00:00+00:00,2.309,407
422,2022-01-29 01:00:00+00:00,2.326,394
423,2022-01-30 01:00:00+00:00,2.329,386
424,2022-01-31 01:00:00+00:00,2.305,334
425,2022-02-01 01:00:00+00:00,2.355,342
426,2022-02-02 01:00:00+00:00,2.401,342
427,2022-02-03 01:00:00+00:00,2.388,350
428,2022-02-04 01:00:00+00:00,2.411,353
429,2022-02-05 01:00:00+00:00,2.446,352
430,2022-02-06 01:00:00+00:00,2.494,346
431,2022-02-07 01:00:00+00:00,2.469,306
432,2022-02-08 01:00:00+00:00,2.487,261
433,2022-02-09 01:00:00+00:00,2.535,275
434,2022-02-10 01:00:00+00:00,2.605,316
435,2022-02-11 01:00:00+00:00,2.646,302
436,2022-02-12 01:00:00+00:00,2.592,294
437,2022-02-13 01:00:00+00:00,2.647,307
438,2022-02-14 01:00:00+00:00,2.707,276
439,2022-02-15 01:00:00+00:00,2.682,251
440,2022-02-16 01:00:00+00:00,2.655,262
441,2022-02-17 01:00:00+00:00,2.667,241
442,2022-02-18 01:00:00+00:00,2.68,305
443,2022-02-19 01:00:00+00:00,2.736,334
444,2022-02-20 01:00:00+00:00,2.812,287
445,2022-02-21 01:00:00+00:00,2.732,225
446,2022-02-22 01:00:00+00:00,2.745,310
447,2022-02-23 01:00:00+00:00,2.773,263
448,2022-02-24 01:00:00+00:00,2.817,233
449,2022-02-25 01:00:00+00:00,2.802,232
450,2022-02-26 01:00:00+00:00,2.832,305
451,2022-02-27 01:00:00+00:00,2.892,284
452,2022-02-28 01:00:00+00:00,2.892,240
453,2022-03-01 01:00:00+00:00,2.706,283
454,2022-03-02 01:00:00+00:00,2.839,259
455,2022-03-03 01:00:00+00:00,2.803,269
456,2022-03-04 01:00:00+00:00,2.86,272
457,2022-03-05 01:00:00+00:00,2.916,331
458,2022-03-06 01:00:00+00:00,2.953,274
459,2022-03-07 01:00:00+00:00,2.94,336
460,2022-03-08 01:00:00+00:00,2.831,334
461,2022-03-09 01:00:00+00:00,2.803,257
462,2022-03-10 01:00:00+00:00,2.825,276
463,2022-03-11 01:00:00+00:00,2.987,246
464,2022-03-12 01:00:00+00:00,2.954,282
465,2022-03-13 01:00:00+00:00,2.962,287
466,2022-03-14 01:00:00+00:00,2.903,220
467,2022-03-15 01:00:00+00:00,2.962,226
468,2022-03-16 01:00:00+00:00,2.98,244
469,2022-03-17 01:00:00+00:00,3.011,259
470,2022-03-18 01:00:00+00:00,3.012,279
471,2022-03-19 01:00:00+00:00,3.036,288
472,2022-03-20 01:00:00+00:00,3.039,277
473,2022-03-21 01:00:00+00:00,3.132,212
474,2022-03-22 01:00:00+00:00,3.022,206
475,2022-03-23 01:00:00+00:00,3.063,212
476,2022-03-24 01:00:00+00:00,3.084,224
477,2022-03-25 01:00:00+00:00,3.085,225
478,2022-03-26 01:00:00+00:00,3.104,247
479,2022-03-27 01:00:00+00:00,3.075,237
480,2022-03-28 01:00:00+00:00,3.109,181
481,2022-03-29 01:00:00+00:00,3.107,208
482,2022-03-30 01:00:00+00:00,3.141,192
483,2022-03-31 01:00:00+00:00,3.115,189
484,2022-04-01 01:00:00+00:00,3.17,206
485,2022-04-02 01:00:00+00:00,3.19,268
486,2022-04-03 01:00:00+00:00,3.215,256
487,2022-04-04 01:00:00+00:00,3.263,281
488,2022-04-05 01:00:00+00:00,3.361,201
489,2022-04-06 01:00:00+00:00,3.505,195
490,2022-04-07 01:00:00+00:00,3.542,179
491,2022-04-08 01:00:00+00:00,3.537,206
492,2022-04-09 01:00:00+00:00,3.558,224
493,2022-04-10 01:00:00+00:00,3.575,213
494,2022-04-11 01:00:00+00:00,3.596,192
495,2022-04-12 01:00:00+00:00,3.571,192
496,2022-04-13 01:00:00+00:00,3.526,199
497,2022-04-14 01:00:00+00:00,3.52,197
498,2022-04-15 01:00:00+00:00,3.595,192
499,2022-04-16 01:00:00+00:00,3.544,239
500,2022-04-17 01:00:00+00:00,3.586,208
501,2022-04-18 01:00:00+00:00,3.585,184
502,2022-04-19 01:00:00+00:00,3.551,199
503,2022-04-20 01:00:00+00:00,3.614,169
504,2022-04-21 01:00:00+00:00,3.641,165
505,2022-04-22 01:00:00+00:00,3.657,194
506,2022-04-23 01:00:00+00:00,3.711,176
507,2022-04-24 01:00:00+00:00,3.61,199
508,2022-04-25 01:00:00+00:00,3.593,178
509,2022-04-26 01:00:00+00:00,3.651,142
510,2022-04-27 01:00:00+00:00,3.605,154
511,2022-04-28 01:00:00+00:00,3.514,137
512,2022-04-29 01:00:00+00:00,3.571,182
513,2022-04-30 01:00:00+00:00,3.552,191
514,2022-05-01 01:00:00+00:00,3.636,189
515,2022-05-02 01:00:00+00:00,3.589,188
516,2022-05-03 01:00:00+00:00,3.59,186
517,2022-05-04 01:00:00+00:00,3.265,366
518,2022-05-05 01:00:00+00:00,3.263,220
519,2022-05-06 01:00:00+00:00,3.365,187
520,2022-05-07 01:00:00+00:00,3.375,225
521,2022-05-08 01:00:00+00:00,3.47,200
522,2022-05-09 01:00:00+00:00,3.41,215
523,2022-05-10 01:00:00+00:00,3.555,169
524,2022-05-11 01:00:00+00:00,3.339,193
525,2022-05-12 01:00:00+00:00,3.359,196
526,2022-05-13 01:00:00+00:00,3.404,184
527,2022-05-14 01:00:00+00:00,3.301,224
528,2022-05-15 01:00:00+00:00,3.408,197
529,2022-05-16 01:00:00+00:00,3.448,162
530,2022-05-17 01:00:00+00:00,3.492,190
531,2022-05-18 01:00:00+00:00,3.473,176
532,2022-05-19 01:00:00+00:00,3.392,187
533,2022-05-20 01:00:00+00:00,3.499,161
534,2022-05-21 01:00:00+00:00,3.476,207
535,2022-05-22 01:00:00+00:00,3.446,198
536,2022-05-23 01:00:00+00:00,3.469,178
537,2022-05-24 01:00:00+00:00,3.408,193
538,2022-05-25 01:00:00+00:00,3.446,194
539,2022-05-26 01:00:00+00:00,3.373,191
540,2022-05-27 01:00:00+00:00,3.403,199
541,2022-05-28 01:00:00+00:00,3.462,206
542,2022-05-29 01:00:00+00:00,3.548,171
543,2022-05-30 01:00:00+00:00,3.421,192
544,2022-05-31 01:00:00+00:00,3.448,189
545,2022-06-01 01:00:00+00:00,3.467,165
546,2022-06-02 01:00:00+00:00,3.54,205
547,2022-06-03 01:00:00+00:00,3.417,249
548,2022-06-04 01:00:00+00:00,3.477,234
549,2022-06-05 01:00:00+00:00,3.458,224
550,2022-06-06 01:00:00+00:00,3.447,184
551,2022-06-07 01:00:00+00:00,3.595,184
552,2022-06-08 01:00:00+00:00,3.535,192
553,2022-06-09 01:00:00+00:00,3.502,181
554,2022-06-10 01:00:00+00:00,3.324,190
555,2022-06-11 01:00:00+00:00,3.548,187
556,2022-06-12 01:00:00+00:00,3.521,178
557,2022-06-13 01:00:00+00:00,3.553,185
558,2022-06-14 01:00:00+00:00,3.527,164
559,2022-06-15 01:00:00+00:00,3.439,180
560,2022-06-16 01:00:00+00:00,3.341,199
561,2022-06-17 01:00:00+00:00,3.36,176
562,2022-06-18 01:00:00+00:00,3.367,181
563,2022-06-19 01:00:00+00:00,3.472,167
564,2022-06-20 01:00:00+00:00,3.361,167
565,2022-06-21 01:00:00+00:00,3.326,179
566,2022-06-22 01:00:00+00:00,3.309,189
567,2022-06-23 01:00:00+00:00,3.186,181
568,2022-06-24 01:00:00+00:00,3.133,261
569,2022-06-25 01:00:00+00:00,3.129,265
570,2022-06-26 01:00:00+00:00,3.119,232
571,2022-06-27 01:00:00+00:00,3.135,187
572,2022-06-28 01:00:00+00:00,3.125,215
573,2022-06-29 01:00:00+00:00,3.157,211
574,2022-06-30 01:00:00+00:00,3.247,213
575,2022-07-01 01:00:00+00:00,3.31,246
576,2022-07-02 01:00:00+00:00,3.405,244
577,2022-07-03 01:00:00+00:00,3.427,230
578,2022-07-04 01:00:00+00:00,3.419,222
579,2022-07-05 01:00:00+00:00,3.402,248
580,2022-07-06 01:00:00+00:00,3.293,220
581,2022-07-07 01:00:00+00:00,3.262,234
582,2022-07-08 01:00:00+00:00,3.474,180
583,2022-07-09 01:00:00+00:00,3.466,197
584,2022-07-10 01:00:00+00:00,3.614,207
585,2022-07-11 01:00:00+00:00,3.636,193
586,2022-07-12 01:00:00+00:00,3.591,194
587,2022-07-13 01:00:00+00:00,3.847,127
588,2022-07-14 01:00:00+00:00,3.623,209
589,2022-07-15 01:00:00+00:00,3.727,192
590,2022-07-16 01:00:00+00:00,3.716,203
591,2022-07-17 01:00:00+00:00,3.709,175
592,2022-07-18 01:00:00+00:00,3.692,180
593,2022-07-19 01:00:00+00:00,3.662,187
594,2022-07-20 01:00:00+00:00,4.03,111
595,2022-07-21 01:00:00+00:00,3.705,214
596,2022-07-22 01:00:00+00:00,3.73,193
597,2022-07-23 01:00:00+00:00,3.908,186
598,2022-07-24 01:00:00+00:00,3.77,201
599,2022-07-25 01:00:00+00:00,3.773,171
600,2022-07-26 01:00:00+00:00,3.712,187
601,2022-07-27 01:00:00+00:00,3.64,201
602,2022-07-28 01:00:00+00:00,3.868,199
603,2022-07-29 01:00:00+00:00,4.012,188
604,2022-07-30 01:00:00+00:00,3.881,209
605,2022-07-31 01:00:00+00:00,3.868,194
606,2022-08-01 01:00:00+00:00,4.022,226
607,2022-08-02 01:00:00+00:00,4.038,183
608,2022-08-03 01:00:00+00:00,4.056,226
609,2022-08-04 01:00:00+00:00,4.038,216
610,2022-08-05 01:00:00+00:00,4.075,155
611,2022-08-06 01:00:00+00:00,4.2,194
612,2022-08-07 01:00:00+00:00,4.191,196
613,2022-08-08 01:00:00+00:00,4.195,189
614,2022-08-09 01:00:00+00:00,4.137,92
615,2022-08-10 01:00:00+00:00,4.163,213
616,2022-08-11 01:00:00+00:00,4.145,178
617,2022-08-12 01:00:00+00:00,4.194,171
618,2022-08-13 01:00:00+00:00,4.205,188
619,2022-08-14 01:00:00+00:00,4.205,175
620,2022-08-15 01:00:00+00:00,4.307,169
621,2022-08-16 01:00:00+00:00,4.322,202
622,2022-08-17 01:00:00+00:00,4.227,263
623,2022-08-18 01:00:00+00:00,4.367,214
624,2022-08-19 01:00:00+00:00,4.426,194
625,2022-08-20 01:00:00+00:00,4.566,219
626,2022-08-21 01:00:00+00:00,4.633,201
627,2022-08-22 01:00:00+00:00,4.716,186
628,2022-08-23 01:00:00+00:00,4.695,169
629,2022-08-24 01:00:00+00:00,4.267,214
630,2022-08-25 01:00:00+00:00,4.208,196
631,2022-08-26 01:00:00+00:00,4.209,166
632,2022-08-27 01:00:00+00:00,4.315,202
633,2022-08-28 01:00:00+00:00,4.304,191
634,2022-08-29 01:00:00+00:00,4.261,178
635,2022-08-30 01:00:00+00:00,4.177,188
636,2022-08-31 01:00:00+00:00,4.219,168
637,2022-09-01 01:00:00+00:00,4.245,185
638,2022-09-02 01:00:00+00:00,4.043,251
639,2022-09-03 01:00:00+00:00,4.137,222
640,2022-09-04 01:00:00+00:00,4.282,217
641,2022-09-05 01:00:00+00:00,4.338,175
642,2022-09-06 01:00:00+00:00,4.307,156
643,2022-09-07 01:00:00+00:00,4.37,174
644,2022-09-08 01:00:00+00:00,4.354,165
645,2022-09-09 01:00:00+00:00,4.398,193
646,2022-09-10 01:00:00+00:00,4.317,190
647,2022-09-11 01:00:00+00:00,4.344,204
648,2022-09-12 01:00:00+00:00,4.804,364
649,2022-09-13 01:00:00+00:00,6.461,750
650,2022-09-14 01:00:00+00:00,6.6,451
651,2022-09-15 01:00:00+00:00,6.321,319
652,2022-09-16 01:00:00+00:00,6.164,305
653,2022-09-17 01:00:00+00:00,6.007,323
654,2022-09-18 01:00:00+00:00,6.154,268
655,2022-09-19 01:00:00+00:00,5.983,179
656,2022-09-20 01:00:00+00:00,5.634,195
657,2022-09-21 01:00:00+00:00,5.468,210
658,2022-09-22 01:00:00+00:00,5.503,179
659,2022-09-23 01:00:00+00:00,5.605,183
660,2022-09-24 01:00:00+00:00,5.49,207
661,2022-09-25 01:00:00+00:00,5.518,196
662,2022-09-26 01:00:00+00:00,5.479,132
663,2022-09-27 01:00:00+00:00,5.758,149
664,2022-09-28 01:00:00+00:00,5.585,152
665,2022-09-29 01:00:00+00:00,5.618,141
666,2022-09-30 01:00:00+00:00,5.58,170
667,2022-10-01 01:00:00+00:00,5.601,196
668,2022-10-02 01:00:00+00:00,5.692,226
669,2022-10-03 01:00:00+00:00,5.751,166
670,2022-10-04 01:00:00+00:00,5.932,147
671,2022-10-05 01:00:00+00:00,5.865,171
672,2022-10-06 01:00:00+00:00,5.96,146
673,2022-10-07 01:00:00+00:00,6.001,161
674,2022-10-08 01:00:00+00:00,5.988,170
675,2022-10-09 01:00:00+00:00,5.944,157
676,2022-10-10 01:00:00+00:00,5.846,141
677,2022-10-11 01:00:00+00:00,5.919,148
678,2022-10-12 01:00:00+00:00,5.808,119
679,2022-10-13 01:00:00+00:00,5.895,155
680,2022-10-14 01:00:00+00:00,5.818,126
681,2022-10-15 01:00:00+00:00,6.008,189
682,2022-10-16 01:00:00+00:00,6.031,169
683,2022-10-17 01:00:00+00:00,6.082,140
684,2022-10-18 01:00:00+00:00,5.999,121
685,2022-10-19 01:00:00+00:00,6.031,121
686,2022-10-20 01:00:00+00:00,5.973,123
687,2022-10-21 01:00:00+00:00,5.908,162
688,2022-10-22 01:00:00+00:00,5.608,287
689,2022-10-23 01:00:00+00:00,5.532,179
690,2022-10-24 01:00:00+00:00,5.422,134
691,2022-10-25 01:00:00+00:00,5.503,157
692,2022-10-26 01:00:00+00:00,5.505,166
693,2022-10-27 01:00:00+00:00,5.471,185
694,2022-10-28 01:00:00+00:00,5.479,187
695,2022-10-29 01:00:00+00:00,5.486,217
696,2022-10-30 01:00:00+00:00,5.523,199
697,2022-10-31 01:00:00+00:00,5.543,159
698,2022-11-01 01:00:00+00:00,5.568,158
699,2022-11-02 01:00:00+00:00,5.646,121
700,2022-11-03 01:00:00+00:00,5.606,143
701,2022-11-04 01:00:00+00:00,5.682,152
702,2022-11-05 01:00:00+00:00,5.712,192
703,2022-11-06 01:00:00+00:00,5.784,177
704,2022-11-07 01:00:00+00:00,5.742,130
705,2022-11-08 01:00:00+00:00,5.708,139
706,2022-11-09 01:00:00+00:00,5.64,138
707,2022-11-10 01:00:00+00:00,5.764,142
708,2022-11-11 01:00:00+00:00,5.763,130
709,2022-11-12 01:00:00+00:00,5.861,147
710,2022-11-13 01:00:00+00:00,5.759,148
711,2022-11-14 01:00:00+00:00,5.786,120
712,2022-11-15 01:00:00+00:00,5.881,124
713,2022-11-16 01:00:00+00:00,5.689,110
714,2022-11-17 01:00:00+00:00,5.785,123
715,2022-11-18 01:00:00+00:00,5.648,135
716,2022-11-19 01:00:00+00:00,5.633,151
717,2022-11-20 01:00:00+00:00,5.613,140
718,2022-11-21 01:00:00+00:00,5.606,124
719,2022-11-22 01:00:00+00:00,5.429,151
720,2022-11-23 01:00:00+00:00,5.084,265
721,2022-11-24 01:00:00+00:00,4.831,179
722,2022-11-25 01:00:00+00:00,4.873,193
723,2022-11-26 01:00:00+00:00,4.887,199
724,2022-11-27 01:00:00+00:00,4.908,217
725,2022-11-28 01:00:00+00:00,5.006,151
726,2022-11-29 01:00:00+00:00,5.124,159
727,2022-11-30 01:00:00+00:00,5.261,146
728,2022-12-01 01:00:00+00:00,5.439,139
729,2022-12-02 01:00:00+00:00,5.513,149
730,2022-12-03 01:00:00+00:00,5.692,155
731,2022-12-04 01:00:00+00:00,5.61,153
732,2022-12-05 01:00:00+00:00,5.647,129
733,2022-12-06 01:00:00+00:00,5.607,123
734,2022-12-07 01:00:00+00:00,5.68,133
735,2022-12-08 01:00:00+00:00,5.646,109
736,2022-12-09 01:00:00+00:00,5.596,125
737,2022-12-10 01:00:00+00:00,5.707,123
738,2022-12-11 01:00:00+00:00,5.662,141
739,2022-12-12 01:00:00+00:00,5.616,151
740,2022-12-13 01:00:00+00:00,5.551,108
741,2022-12-14 01:00:00+00:00,5.688,126
742,2022-12-15 01:00:00+00:00,5.617,126
743,2022-12-16 01:00:00+00:00,5.441,155
744,2022-12-17 01:00:00+00:00,5.562,157
745,2022-12-18 01:00:00+00:00,5.716,129
746,2022-12-19 01:00:00+00:00,5.598,131
747,2022-12-20 01:00:00+00:00,5.536,119
748,2022-12-21 01:00:00+00:00,5.65,144
749,2022-12-22 01:00:00+00:00,5.642,159
750,2022-12-23 01:00:00+00:00,5.458,228
751,2022-12-24 01:00:00+00:00,5.538,207
752,2022-12-25 01:00:00+00:00,5.477,198
753,2022-12-26 01:00:00+00:00,5.471,166
754,2022-12-27 01:00:00+00:00,5.531,214
755,2022-12-28 01:00:00+00:00,5.506,235
756,2022-12-29 01:00:00+00:00,5.584,184
757,2022-12-30 01:00:00+00:00,5.651,154
758,2022-12-31 01:00:00+00:00,5.673,153
759,2023-01-01 01:00:00+00:00,5.832,172
760,2023-01-02 01:00:00+00:00,5.761,162
761,2023-01-03 01:00:00+00:00,5.814,164
762,2023-01-04 01:00:00+00:00,5.679,177
763,2023-01-05 01:00:00+00:00,5.733,147
764,2023-01-06 01:00:00+00:00,5.892,136
765,2023-01-07 01:00:00+00:00,5.826,147
766,2023-01-08 01:00:00+00:00,5.937,144
767,2023-01-09 01:00:00+00:00,6.092,138
768,2023-01-10 01:00:00+00:00,6.086,123
769,2023-01-11 01:00:00+00:00,6.141,142
770,2023-01-12 01:00:00+00:00,6.367,136
771,2023-01-13 01:00:00+00:00,6.295,163
772,2023-01-14 01:00:00+00:00,6.541,169
773,2023-01-15 01:00:00+00:00,6.473,149
774,2023-01-16 01:00:00+00:00,6.625,144
775,2023-01-17 01:00:00+00:00,6.646,121
776,2023-01-18 01:00:00+00:00,6.522,130
777,2023-01-19 01:00:00+00:00,6.605,127
778,2023-01-20 01:00:00+00:00,6.841,135
779,2023-01-21 01:00:00+00:00,6.649,151
780,2023-01-22 01:00:00+00:00,6.819,173
781,2023-01-23 01:00:00+00:00,6.679,127
782,2023-01-24 01:00:00+00:00,6.587,133
783,2023-01-25 01:00:00+00:00,6.541,158
784,2023-01-26 01:00:00+00:00,6.555,140
785,2023-01-27 01:00:00+00:00,6.825,149
786,2023-01-28 01:00:00+00:00,6.954,156
787,2023-01-29 01:00:00+00:00,6.762,160
788,2023-01-30 01:00:00+00:00,6.62,117
789,2023-01-31 01:00:00+00:00,6.9,143
790,2023-02-01 01:00:00+00:00,7.048,141
791,2023-02-02 01:00:00+00:00,6.773,112
792,2023-02-03 01:00:00+00:00,7.018,132
793,2023-02-04 01:00:00+00:00,6.985,157
794,2023-02-05 01:00:00+00:00,7.058,166
795,2023-02-06 01:00:00+00:00,6.974,129
796,2023-02-07 01:00:00+00:00,6.948,151
797,2023-02-08 01:00:00+00:00,6.828,147
798,2023-02-09 01:00:00+00:00,6.787,149
799,2023-02-10 01:00:00+00:00,6.639,269
800,2023-02-11 01:00:00+00:00,6.853,248
801,2023-02-12 01:00:00+00:00,6.922,202
802,2023-02-13 01:00:00+00:00,6.996,191
803,2023-02-14 01:00:00+00:00,7.231,182
804,2023-02-15 01:00:00+00:00,7.442,187
805,2023-02-16 01:00:00+00:00,7.509,192
806,2023-02-17 01:00:00+00:00,7.635,210
807,2023-02-18 01:00:00+00:00,7.705,205
808,2023-02-19 01:00:00+00:00,7.595,218
809,2023-02-20 01:00:00+00:00,7.59,164
810,2023-02-21 01:00:00+00:00,7.728,161
811,2023-02-22 01:00:00+00:00,8.651,254
812,2023-02-23 01:00:00+00:00,8.357,229
813,2023-02-24 01:00:00+00:00,8.543,206
814,2023-02-25 01:00:00+00:00,8.5,211
815,2023-02-26 01:00:00+00:00,8.268,223
816,2023-02-27 01:00:00+00:00,8.194,214
817,2023-02-28 01:00:00+00:00,8.01,195
818,2023-03-01 01:00:00+00:00,7.903,161
819,2023-03-02 01:00:00+00:00,7.935,161
820,2023-03-03 01:00:00+00:00,7.901,168
821,2023-03-04 01:00:00+00:00,7.839,207
822,2023-03-05 01:00:00+00:00,7.779,226
823,2023-03-06 01:00:00+00:00,7.731,211
824,2023-03-07 01:00:00+00:00,7.658,190
825,2023-03-08 01:00:00+00:00,7.625,187
826,2023-03-09 01:00:00+00:00,7.664,167
827,2023-03-10 01:00:00+00:00,7.891,168
828,2023-03-11 01:00:00+00:00,7.926,171
829,2023-03-12 01:00:00+00:00,7.828,187
830,2023-03-13 01:00:00+00:00,7.847,148
831,2023-03-14 01:00:00+00:00,8.002,125
832,2023-03-15 01:00:00+00:00,7.626,187
833,2023-03-16 01:00:00+00:00,7.832,150
834,2023-03-17 01:00:00+00:00,7.304,207
835,2023-03-18 01:00:00+00:00,7.429,204
836,2023-03-19 01:00:00+00:00,7.625,205
837,2023-03-20 01:00:00+00:00,7.52,167
838,2023-03-21 01:00:00+00:00,7.575,175
839,2023-03-22 01:00:00+00:00,7.785,280
840,2023-03-23 01:00:00+00:00,9.03,335
841,2023-03-24 01:00:00+00:00,8.962,217
842,2023-03-25 01:00:00+00:00,9.175,244
843,2023-03-26 01:00:00+00:00,9.996,242
844,2023-03-27 01:00:00+00:00,10.141,207
845,2023-03-28 01:00:00+00:00,10.306,188
846,2023-03-29 01:00:00+00:00,10.053,188
847,2023-03-30 01:00:00+00:00,9.946,163
848,2023-03-31 01:00:00+00:00,10.325,171
849,2023-04-01 01:00:00+00:00,10.263,220
850,2023-04-02 01:00:00+00:00,10.601,197
851,2023-04-03 01:00:00+00:00,10.775,188
852,2023-04-04 01:00:00+00:00,11.455,213
853,2023-04-05 01:00:00+00:00,14.112,271
854,2023-04-06 01:00:00+00:00,13.91,194
855,2023-04-07 01:00:00+00:00,13.794,195
856,2023-04-08 01:00:00+00:00,14.083,177
857,2023-04-09 01:00:00+00:00,14.117,224
858,2023-04-10 01:00:00+00:00,14.21,175
859,2023-04-11 01:00:00+00:00,14.305,158
860,2023-04-12 01:00:00+00:00,14.476,272
861,2023-04-13 01:00:00+00:00,15.596,157
862,2023-04-14 01:00:00+00:00,17.454,173
863,2023-04-15 01:00:00+00:00,17.616,126
864,2023-04-16 01:00:00+00:00,17.399,146
865,2023-04-17 01:00:00+00:00,17.167,202
866,2023-04-18 01:00:00+00:00,16.779,115
867,2023-04-19 01:00:00+00:00,16.235,158
868,2023-04-20 01:00:00+00:00,16.01,202
869,2023-04-21 01:00:00+00:00,15.927,311
870,2023-04-22 01:00:00+00:00,15.372,265
871,2023-04-23 01:00:00+00:00,14.518,200
872,2023-04-24 01:00:00+00:00,13.784,182
873,2023-04-25 01:00:00+00:00,13.318,296
874,2023-04-26 01:00:00+00:00,12.182,177
875,2023-04-27 01:00:00+00:00,12.072,153
876,2023-04-28 01:00:00+00:00,12.445,170
877,2023-04-29 01:00:00+00:00,12.45,154
878,2023-04-30 01:00:00+00:00,12.429,154
879,2023-05-01 01:00:00+00:00,12.336,125
880,2023-05-02 01:00:00+00:00,12.035,141
881,2023-05-03 01:00:00+00:00,12.132,159
882,2023-05-04 01:00:00+00:00,12.196,150
883,2023-05-05 01:00:00+00:00,11.023,367
884,2023-05-06 01:00:00+00:00,10.905,240
885,2023-05-07 01:00:00+00:00,10.997,184
886,2023-05-08 01:00:00+00:00,11.045,154
887,2023-05-09 01:00:00+00:00,11.164,136
888,2023-05-10 01:00:00+00:00,11.651,128
889,2023-05-11 01:00:00+00:00,11.713,134
890,2023-05-12 01:00:00+00:00,11.357,158
891,2023-05-13 01:00:00+00:00,10.48,182
892,2023-05-14 01:00:00+00:00,10.176,147
893,2023-05-15 01:00:00+00:00,10.734,119
894,2023-05-16 01:00:00+00:00,11.02,120
895,2023-05-17 01:00:00+00:00,10.859,134
896,2023-05-18 01:00:00+00:00,10.433,144
897,2023-05-19 01:00:00+00:00,10.508,142
898,2023-05-20 01:00:00+00:00,10.662,134
899,2023-05-21 01:00:00+00:00,10.564,145
900,2023-05-22 01:00:00+00:00,10.367,126
901,2023-05-23 01:00:00+00:00,10.549,123
902,2023-05-24 01:00:00+00:00,10.194,117
903,2023-05-25 01:00:00+00:00,10.718,124
904,2023-05-26 01:00:00+00:00,10.303,129
905,2023-05-27 01:00:00+00:00,10.893,122
906,2023-05-28 01:00:00+00:00,11.204,148
907,2023-05-29 01:00:00+00:00,11.656,127
908,2023-05-30 01:00:00+00:00,11.691,89
909,2023-05-31 01:00:00+00:00,11.804,111
910,2023-06-01 01:00:00+00:00,11.723,120
911,2023-06-02 01:00:00+00:00,11.959,121
912,2023-06-03 01:00:00+00:00,12.239,128
913,2023-06-04 01:00:00+00:00,12.44,131
914,2023-06-05 01:00:00+00:00,12.265,126
915,2023-06-06 01:00:00+00:00,12.196,103
916,2023-06-07 01:00:00+00:00,12.249,126
917,2023-06-08 01:00:00+00:00,12.249,133
918,2023-06-09 01:00:00+00:00,12.578,109
919,2023-06-10 01:00:00+00:00,12.708,104
920,2023-06-11 01:00:00+00:00,12.163,131
921,2023-06-12 01:00:00+00:00,12.431,106
922,2023-06-13 01:00:00+00:00,12.735,101
923,2023-06-14 01:00:00+00:00,12.81,125
924,2023-06-15 01:00:00+00:00,12.531,149
925,2023-06-16 01:00:00+00:00,12.085,181
926,2023-06-17 01:00:00+00:00,12.171,130
927,2023-06-18 01:00:00+00:00,12.157,126
928,2023-06-19 01:00:00+00:00,12.097,110
929,2023-06-20 01:00:00+00:00,11.93,98
930,2023-06-21 01:00:00+00:00,12.005,110
931,2023-06-22 01:00:00+00:00,11.959,108
932,2023-06-23 01:00:00+00:00,11.614,207
933,2023-06-24 01:00:00+00:00,11.242,149
934,2023-06-25 01:00:00+00:00,10.859,270
935,2023-06-26 01:00:00+00:00,10.585,162
936,2023-06-27 01:00:00+00:00,10.305,155
937,2023-06-28 01:00:00+00:00,10.34,139
938,2023-06-29 01:00:00+00:00,9.846,163
939,2023-06-30 01:00:00+00:00,9.404,183
940,2023-07-01 01:00:00+00:00,9.411,148
941,2023-07-02 01:00:00+00:00,9.503,148
942,2023-07-03 01:00:00+00:00,9.339,122
943,2023-07-04 01:00:00+00:00,9.452,100
944,2023-07-05 01:00:00+00:00,9.755,89
945,2023-07-06 01:00:00+00:00,10.679,83
946,2023-07-07 01:00:00+00:00,9.489,144
947,2023-07-08 01:00:00+00:00,10.393,91
948,2023-07-09 01:00:00+00:00,9.982,97
949,2023-07-10 01:00:00+00:00,10.268,66
950,2023-07-11 01:00:00+00:00,9.445,132
951,2023-07-12 01:00:00+00:00,9.178,192
952,2023-07-13 01:00:00+00:00,9.269,146
953,2023-07-14 01:00:00+00:00,9.492,90
954,2023-07-15 01:00:00+00:00,9.278,99
955,2023-07-16 01:00:00+00:00,9.163,120
956,2023-07-17 01:00:00+00:00,9.177,99
957,2023-07-18 01:00:00+00:00,9.087,99
958,2023-07-19 01:00:00+00:00,9.095,135
959,2023-07-20 01:00:00+00:00,9.033,112
960,2023-07-21 01:00:00+00:00,9.113,121
961,2023-07-22 01:00:00+00:00,9.311,103
962,2023-07-23 01:00:00+00:00,9.228,107
963,2023-07-24 01:00:00+00:00,9.293,92
964,2023-07-25 01:00:00+00:00,9.388,122
965,2023-07-26 01:00:00+00:00,9.312,112
966,2023-07-27 01:00:00+00:00,9.289,104
967,2023-07-28 01:00:00+00:00,9.248,110
968,2023-07-29 01:00:00+00:00,9.275,118
969,2023-07-30 01:00:00+00:00,9.41,126
970,2023-07-31 01:00:00+00:00,9.46,115
971,2023-08-01 01:00:00+00:00,9.556,99
972,2023-08-02 01:00:00+00:00,9.551,131
973,2023-08-03 01:00:00+00:00,9.514,103
974,2023-08-04 01:00:00+00:00,9.531,133
975,2023-08-05 01:00:00+00:00,9.521,109
976,2023-08-06 01:00:00+00:00,9.593,124
977,2023-08-07 01:00:00+00:00,9.187,112
978,2023-08-08 01:00:00+00:00,9.219,113
979,2023-08-09 01:00:00+00:00,9.271,115
980,2023-08-10 01:00:00+00:00,9.202,116
981,2023-08-11 01:00:00+00:00,9.545,111
982,2023-08-12 01:00:00+00:00,9.266,115
983,2023-08-13 01:00:00+00:00,9.107,100
984,2023-08-14 01:00:00+00:00,9.008,91
985,2023-08-15 01:00:00+00:00,9.117,114
986,2023-08-16 01:00:00+00:00,9.319,122
987,2023-08-17 01:00:00+00:00,9.319,95
988,2023-08-18 01:00:00+00:00,9.512,105
989,2023-08-19 01:00:00+00:00,9.325,116
990,2023-08-20 01:00:00+00:00,9.39,129
991,2023-08-21 01:00:00+00:00,9.474,106
992,2023-08-22 01:00:00+00:00,9.426,105
993,2023-08-23 01:00:00+00:00,9.381,104
994,2023-08-24 01:00:00+00:00,9.501,95
995,2023-08-25 01:00:00+00:00,9.506,103
996,2023-08-26 01:00:00+00:00,9.102,107
997,2023-08-27 01:00:00+00:00,9.567,113
998,2023-08-28 01:00:00+00:00,9.397,82
999,2023-08-29 01:00:00+00:00,9.4,101
1000,2023-08-30 01:00:00+00:00,9.252,109
1001,2023-08-31 01:00:00+00:00,9.258,134
1002,2023-09-01 01:00:00+00:00,9.904,205
1003,2023-09-02 01:00:00+00:00,10.813,214
1004,2023-09-03 01:00:00+00:00,11.279,131
1005,2023-09-04 01:00:00+00:00,11.36,157
1006,2023-09-05 01:00:00+00:00,11.293,136
1007,2023-09-06 01:00:00+00:00,10.694,133
1008,2023-09-07 01:00:00+00:00,10.86,142
1009,2023-09-08 01:00:00+00:00,10.569,158
1010,2023-09-09 01:00:00+00:00,10.613,211
1011,2023-09-10 01:00:00+00:00,10.797,173
1012,2023-09-11 01:00:00+00:00,10.607,166
1013,2023-09-12 01:00:00+00:00,11.136,127
1014,2023-09-13 01:00:00+00:00,10.836,145
1015,2023-09-14 01:00:00+00:00,10.931,132
1016,2023-09-15 01:00:00+00:00,10.791,139
1017,2023-09-16 01:00:00+00:00,10.787,180
1018,2023-09-17 01:00:00+00:00,10.881,144
1019,2023-09-18 01:00:00+00:00,10.951,120
1020,2023-09-19 01:00:00+00:00,10.793,113
1021,2023-09-20 01:00:00+00:00,10.341,84
1022,2023-09-21 01:00:00+00:00,10.456,118
1023,2023-09-22 01:00:00+00:00,10.785,112
1024,2023-09-23 01:00:00+00:00,10.709,113
1025,2023-09-24 01:00:00+00:00,10.735,113
1026,2023-09-25 01:00:00+00:00,10.531,97
1027,2023-09-26 01:00:00+00:00,10.484,108
1028,2023-09-27 01:00:00+00:00,10.746,141
1029,2023-09-28 01:00:00+00:00,11.229,239
1030,2023-09-29 01:00:00+00:00,11.326,283
1031,2023-09-30 01:00:00+00:00,11.531,281
1032,2023-10-01 01:00:00+00:00,11.492,311
1033,2023-10-02 01:00:00+00:00,11.902,245
1034,2023-10-03 01:00:00+00:00,12.094,223
1035,2023-10-04 01:00:00+00:00,12.034,215
1036,2023-10-05 01:00:00+00:00,11.896,223
1037,2023-10-06 01:00:00+00:00,11.928,234
1038,2023-10-07 01:00:00+00:00,12.378,245
1039,2023-10-08 01:00:00+00:00,12.506,244
1040,2023-10-09 01:00:00+00:00,12.347,196
1041,2023-10-10 01:00:00+00:00,12.018,227
1042,2023-10-11 01:00:00+00:00,12.232,226
1043,2023-10-12 01:00:00+00:00,12.061,202
1044,2023-10-13 01:00:00+00:00,12.169,233
1045,2023-10-14 01:00:00+00:00,12.373,247
1046,2023-10-15 01:00:00+00:00,12.801,209
1047,2023-10-16 01:00:00+00:00,12.59,163
1048,2023-10-17 01:00:00+00:00,12.589,165
1049,2023-10-18 01:00:00+00:00,12.037,185
1050,2023-10-19 01:00:00+00:00,12.178,196
1051,2023-10-20 01:00:00+00:00,12.251,198
1052,2023-10-21 01:00:00+00:00,12.11,204
1053,2023-10-22 01:00:00+00:00,12.296,203
1054,2023-10-23 01:00:00+00:00,12.022,169
1055,2023-10-24 01:00:00+00:00,11.928,139
1056,2023-10-25 01:00:00+00:00,11.417,192
1057,2023-10-26 01:00:00+00:00,11.307,170
1058,2023-10-27 01:00:00+00:00,10.941,188
1059,2023-10-28 01:00:00+00:00,10.909,209
1060,2023-10-29 01:00:00+00:00,10.776,193
1061,2023-10-30 01:00:00+00:00,11.163,154
1062,2023-10-31 01:00:00+00:00,10.779,160
1063,2023-11-01 01:00:00+00:00,10.78,172
1064,2023-11-02 01:00:00+00:00,10.928,161
1065,2023-11-03 01:00:00+00:00,11.104,166
1066,2023-11-04 01:00:00+00:00,11.185,180
1067,2023-11-05 01:00:00+00:00,11.319,171
1068,2023-11-06 01:00:00+00:00,11.138,144
1069,2023-11-07 01:00:00+00:00,11.382,134
1070,2023-11-08 01:00:00+00:00,11.033,139
1071,2023-11-09 01:00:00+00:00,11.418,150
1072,2023-11-10 01:00:00+00:00,11.232,155
1073,2023-11-11 01:00:00+00:00,11.076,121
1074,2023-11-12 01:00:00+00:00,11.123,132
1075,2023-11-13 01:00:00+00:00,10.913,138
1076,2023-11-14 01:00:00+00:00,10.859,99
1077,2023-11-15 01:00:00+00:00,10.537,132
1078,2023-11-16 01:00:00+00:00,10.135,123
1079,2023-11-17 01:00:00+00:00,10.17,141
1080,2023-11-18 01:00:00+00:00,10.448,138
1081,2023-11-19 01:00:00+00:00,10.371,155
1082,2023-11-20 01:00:00+00:00,10.122,101
1083,2023-11-21 01:00:00+00:00,10.138,122
1084,2023-11-22 01:00:00+00:00,9.504,197
1085,2023-11-23 01:00:00+00:00,9.351,156
1086,2023-11-24 01:00:00+00:00,9.542,144
1087,2023-11-25 01:00:00+00:00,9.484,144
1088,2023-11-26 01:00:00+00:00,9.414,154
1089,2023-11-27 01:00:00+00:00,9.663,127
1090,2023-11-28 01:00:00+00:00,9.659,134
1091,2023-11-29 01:00:00+00:00,10.076,81
1092,2023-11-30 01:00:00+00:00,9.905,115
1093,2023-12-01 01:00:00+00:00,10.315,111
1094,2023-12-02 01:00:00+00:00,10.715,138
1095,2023-12-03 01:00:00+00:00,10.95,109
1096,2023-12-04 01:00:00+00:00,11.033,96
1097,2023-12-05 01:00:00+00:00,10.977,105
1098,2023-12-06 01:00:00+00:00,10.937,117
1099,2023-12-07 01:00:00+00:00,11.008,115
1100,2023-12-08 01:00:00+00:00,10.536,116
1101,2023-12-09 01:00:00+00:00,10.615,137
1102,2023-12-10 01:00:00+00:00,10.642,136
1103,2023-12-11 01:00:00+00:00,10.559,102
1104,2023-12-12 01:00:00+00:00,10.648,104
1105,2023-12-13 01:00:00+00:00,10.568,88
1106,2023-12-14 01:00:00+00:00,10.774,85
1107,2023-12-15 01:00:00+00:00,10.705,117
1108,2023-12-16 01:00:00+00:00,10.444,132
1109,2023-12-17 01:00:00+00:00,10.332,118
1110,2023-12-18 01:00:00+00:00,10.869,102
1111,2023-12-19 01:00:00+00:00,10.654,83
1112,2023-12-20 01:00:00+00:00,10.944,88
1113,2023-12-21 01:00:00+00:00,10.517,119
1114,2023-12-22 01:00:00+00:00,10.19,156
1115,2023-12-23 01:00:00+00:00,10.117,139
1116,2023-12-24 01:00:00+00:00,10.007,120
1117,2023-12-25 01:00:00+00:00,10.201,104
1118,2023-12-26 01:00:00+00:00,10.193,106
1119,2023-12-27 01:00:00+00:00,10.019,116
1120,2023-12-28 01:00:00+00:00,10.094,131
1121,2023-12-29 01:00:00+00:00,10.295,130
1122,2023-12-30 01:00:00+00:00,10.336,126
1123,2023-12-31 01:00:00+00:00,10.36,105
1124,2024-01-01 01:00:00+00:00,10.37,101
1125,2024-01-02 01:00:00+00:00,10.555,93
1126,2024-01-03 01:00:00+00:00,10.353,119
1127,2024-01-04 01:00:00+00:00,10.28,105
1128,2024-01-05 01:00:00+00:00,10.537,91
1129,2024-01-06 01:00:00+00:00,10.659,124
1130,2024-01-07 01:00:00+00:00,10.682,119
1131,2024-01-08 01:00:00+00:00,10.604,93
1132,2024-01-09 01:00:00+00:00,10.425,99
1133,2024-01-10 01:00:00+00:00,10.276,104
1134,2024-01-11 01:00:00+00:00,10.376,94
1135,2024-01-12 01:00:00+00:00,10.765,103
1136,2024-01-13 01:00:00+00:00,11.009,95
1137,2024-01-14 01:00:00+00:00,11.085,119
1138,2024-01-15 01:00:00+00:00,10.764,72
1139,2024-01-16 01:00:00+00:00,10.994,99
1140,2024-01-17 01:00:00+00:00,10.867,96
1141,2024-01-18 01:00:00+00:00,10.579,88
1142,2024-01-19 01:00:00+00:00,10.502,116
1143,2024-01-20 01:00:00+00:00,10.392,127
1144,2024-01-21 01:00:00+00:00,10.074,145
1145,2024-01-22 01:00:00+00:00,9.798,153
1146,2024-01-23 01:00:00+00:00,9.561,101
1147,2024-01-24 01:00:00+00:00,9.395,131
1148,2024-01-25 01:00:00+00:00,9.059,116
1149,2024-01-26 01:00:00+00:00,9.17,112
1150,2024-01-27 01:00:00+00:00,9.35,117
1151,2024-01-28 01:00:00+00:00,9.523,115
1152,2024-01-29 01:00:00+00:00,9.495,91
1153,2024-01-30 01:00:00+00:00,9.609,93
1154,2024-01-31 01:00:00+00:00,9.645,91
1155,2024-02-01 01:00:00+00:00,9.58,100
1156,2024-02-02 01:00:00+00:00,9.665,129
1157,2024-02-03 01:00:00+00:00,9.906,99
1158,2024-02-04 01:00:00+00:00,10.163,107
1159,2024-02-05 01:00:00+00:00,10.152,95
1160,2024-02-06 01:00:00+00:00,10.084,85
1161,2024-02-07 01:00:00+00:00,10.009,175
1162,2024-02-08 01:00:00+00:00,9.938,143
1163,2024-02-09 01:00:00+00:00,10.108,144
1164,2024-02-10 01:00:00+00:00,10.221,136
1165,2024-02-11 01:00:00+00:00,10.457,122
1166,2024-02-12 01:00:00+00:00,10.526,117
1167,2024-02-13 01:00:00+00:00,10.619,94
1168,2024-02-14 01:00:00+00:00,10.409,124
1169,2024-02-15 01:00:00+00:00,10.511,113
1170,2024-02-16 01:00:00+00:00,10.584,124
1171,2024-02-17 01:00:00+00:00,10.709,125
1172,2024-02-18 01:00:00+00:00,10.815,124
1173,2024-02-19 01:00:00+00:00,10.809,122
1174,2024-02-20 01:00:00+00:00,11.136,83
1175,2024-02-21 01:00:00+00:00,10.995,118
1176,2024-02-22 01:00:00+00:00,10.672,120
1177,2024-02-23 01:00:00+00:00,10.921,134
1178,2024-02-24 01:00:00+00:00,10.783,138
1179,2024-02-25 01:00:00+00:00,10.76,93
1180,2024-02-26 01:00:00+00:00,10.811,100
1181,2024-02-27 01:00:00+00:00,10.963,81
1182,2024-02-28 01:00:00+00:00,10.932,98
1183,2024-02-29 01:00:00+00:00,11.31,114
1184,2024-03-01 01:00:00+00:00,11.407,111
1185,2024-03-02 01:00:00+00:00,11.416,128
1186,2024-03-03 01:00:00+00:00,11.41,106
1187,2024-03-04 01:00:00+00:00,11.496,95
1188,2024-03-05 01:00:00+00:00,11.31,107
1189,2024-03-06 01:00:00+00:00,11.339,96
1190,2024-03-07 01:00:00+00:00,11.162,106
1191,2024-03-08 01:00:00+00:00,11.078,104
1192,2024-03-09 01:00:00+00:00,11.389,139
1193,2024-03-10 01:00:00+00:00,11.723,121
1194,2024-03-11 01:00:00+00:00,11.877,98
1195,2024-03-12 01:00:00+00:00,11.825,90
1196,2024-03-13 01:00:00+00:00,12.004,104
1197,2024-03-14 01:00:00+00:00,12.466,387
1198,2024-03-15 01:00:00+00:00,12.773,221
1199,2024-03-16 01:00:00+00:00,11.651,168
1200,2024-03-17 01:00:00+00:00,11.375,154
1201,2024-03-18 01:00:00+00:00,11.761,114
1202,2024-03-19 01:00:00+00:00,12.325,118
1203,2024-03-20 01:00:00+00:00,12.229,116
1204,2024-03-21 01:00:00+00:00,12.209,147
1205,2024-03-22 01:00:00+00:00,11.997,85
1206,2024-03-23 01:00:00+00:00,11.788,107
1207,2024-03-24 01:00:00+00:00,11.491,99
1208,2024-03-25 01:00:00+00:00,11.748,91
1209,2024-03-26 01:00:00+00:00,11.987,78
1210,2024-03-27 01:00:00+00:00,12.036,75
1211,2024-03-28 01:00:00+00:00,12.222,90
1212,2024-03-29 01:00:00+00:00,12.358,104
1213,2024-03-30 01:00:00+00:00,12.576,105
1214,2024-03-31 01:00:00+00:00,12.593,102
1215,2024-04-01 01:00:00+00:00,12.413,100
1216,2024-04-02 01:00:00+00:00,12.398,96
1217,2024-04-03 01:00:00+00:00,12.296,90
1218,2024-04-04 01:00:00+00:00,12.6,89
1219,2024-04-05 01:00:00+00:00,12.731,94
1220,2024-04-06 01:00:00+00:00,12.664,96
1221,2024-04-07 01:00:00+00:00,12.92,100
1222,2024-04-08 01:00:00+00:00,12.966,80
1223,2024-04-09 01:00:00+00:00,13.309,86
1224,2024-04-10 01:00:00+00:00,13.385,78
1225,2024-04-11 01:00:00+00:00,13.152,86
1226,2024-04-12 01:00:00+00:00,13.006,91
1227,2024-04-13 01:00:00+00:00,12.904,94
1228,2024-04-14 01:00:00+00:00,12.741,82
1229,2024-04-15 01:00:00+00:00,12.867,77
1230,2024-04-16 01:00:00+00:00,12.547,82
1231,2024-04-17 01:00:00+00:00,12.403,83
1232,2024-04-18 01:00:00+00:00,12.636,74
1233,2024-04-19 01:00:00+00:00,12.2,110
1234,2024-04-20 01:00:00+00:00,12.597,100
1235,2024-04-21 01:00:00+00:00,12.521,115
1236,2024-04-22 01:00:00+00:00,12.591,76
1237,2024-04-23 01:00:00+00:00,12.666,70
1238,2024-04-24 01:00:00+00:00,12.962,73
1239,2024-04-25 01:00:00+00:00,12.944,84
1240,2024-04-26 01:00:00+00:00,12.858,95
1241,2024-04-27 01:00:00+00:00,13.013,90
1242,2024-04-28 01:00:00+00:00,13.059,110
1243,2024-04-29 01:00:00+00:00,13.357,106
1244,2024-04-30 01:00:00+00:00,13.482,111
1245,2024-05-01 01:00:00+00:00,13.647,102
1246,2024-05-02 01:00:00+00:00,14.21,115
1247,2024-05-03 01:00:00+00:00,14.485,110
1248,2024-05-04 01:00:00+00:00,14.394,81
1249,2024-05-05 01:00:00+00:00,13.911,84
1250,2024-05-06 01:00:00+00:00,13.99,91
1251,2024-05-07 01:00:00+00:00,14.058,68
1252,2024-05-08 01:00:00+00:00,14.034,75
1253,2024-05-09 01:00:00+00:00,14.192,80
1254,2024-05-10 01:00:00+00:00,14.058,77
1255,2024-05-11 01:00:00+00:00,14.126,86
1256,2024-05-12 01:00:00+00:00,14.352,85
1257,2024-05-13 01:00:00+00:00,14.637,65
1258,2024-05-14 01:00:00+00:00,14.348,67
1259,2024-05-15 01:00:00+00:00,14.396,66
1260,2024-05-16 01:00:00+00:00,14.721,69
1261,2024-05-17 01:00:00+00:00,14.567,64
1262,2024-05-18 01:00:00+00:00,14.713,69
1263,2024-05-19 01:00:00+00:00,14.481,76
1264,2024-05-20 01:00:00+00:00,13.948,71
1265,2024-05-21 01:00:00+00:00,13.641,55
1266,2024-05-22 01:00:00+00:00,13.64,84
1267,2024-05-23 01:00:00+00:00,13.301,71
1268,2024-05-24 01:00:00+00:00,13.179,88
1269,2024-05-25 01:00:00+00:00,13.189,89
1270,2024-05-26 01:00:00+00:00,13.5,64
1271,2024-05-27 01:00:00+00:00,13.303,60
1272,2024-05-28 01:00:00+00:00,13.419,74
1273,2024-05-29 01:00:00+00:00,13.508,66
1274,2024-05-30 01:00:00+00:00,13.168,83
1275,2024-05-31 01:00:00+00:00,13.264,86
1276,2024-06-01 01:00:00+00:00,13.191,87
1277,2024-06-02 01:00:00+00:00,13.498,84
1278,2024-06-03 01:00:00+00:00,13.245,64
1279,2024-06-04 01:00:00+00:00,13.472,92
1280,2024-06-05 01:00:00+00:00,13.115,78
1281,2024-06-06 01:00:00+00:00,13.153,74
1282,2024-06-07 01:00:00+00:00,13.005,78
1283,2024-06-08 01:00:00+00:00,12.384,94
1284,2024-06-09 01:00:00+00:00,12.416,107
1285,2024-06-10 01:00:00+00:00,12.37,88
1286,2024-06-11 01:00:00+00:00,12.553,82
1287,2024-06-12 01:00:00+00:00,12.372,86
1288,2024-06-13 01:00:00+00:00,12.284,83
1289,2024-06-14 01:00:00+00:00,12.148,82
1290,2024-06-15 01:00:00+00:00,12.277,91
1291,2024-06-16 01:00:00+00:00,12.223,102
1292,2024-06-17 01:00:00+00:00,12.187,91
1293,2024-06-18 01:00:00+00:00,11.927,82
1294,2024-06-19 01:00:00+00:00,12.018,104
1295,2024-06-20 01:00:00+00:00,11.785,103
1296,2024-06-21 01:00:00+00:00,11.533,75
1297,2024-06-22 01:00:00+00:00,11.569,83
1298,2024-06-23 01:00:00+00:00,12.15,78
1299,2024-06-24 01:00:00+00:00,12.075,71
1300,2024-06-25 01:00:00+00:00,12.156,84
1301,2024-06-26 01:00:00+00:00,11.91,84
1302,2024-06-27 01:00:00+00:00,12.051,107
1303,2024-06-28 01:00:00+00:00,11.43,135
1304,2024-06-29 01:00:00+00:00,11.596,120
1305,2024-06-30 01:00:00+00:00,11.499,120
1306,2024-07-01 01:00:00+00:00,11.444,87
1307,2024-07-02 01:00:00+00:00,11.433,119
1308,2024-07-03 01:00:00+00:00,11.618,101
1309,2024-07-04 01:00:00+00:00,11.601,94
1310,2024-07-05 01:00:00+00:00,11.363,93
1311,2024-07-06 01:00:00+00:00,11.292,95
1312,2024-07-07 01:00:00+00:00,11.192,108
1313,2024-07-08 01:00:00+00:00,11.172,85
1314,2024-07-09 01:00:00+00:00,11.013,87
1315,2024-07-10 01:00:00+00:00,10.706,146
1316,2024-07-11 01:00:00+00:00,10.839,99
1317,2024-07-12 01:00:00+00:00,11.16,73
1318,2024-07-13 01:00:00+00:00,11.178,78
1319,2024-07-14 01:00:00+00:00,11.396,89
1320,2024-07-15 01:00:00+00:00,11.974,66
1321,2024-07-16 01:00:00+00:00,11.615,77
1322,2024-07-17 01:00:00+00:00,11.769,81
1323,2024-07-18 01:00:00+00:00,11.72,66
1324,2024-07-19 01:00:00+00:00,11.912,85
1325,2024-07-20 01:00:00+00:00,12.084,73
1326,2024-07-21 01:00:00+00:00,11.927,79
1327,2024-07-22 01:00:00+00:00,11.797,78
1328,2024-07-23 01:00:00+00:00,11.921,69
1329,2024-07-24 01:00:00+00:00,11.933,93
1330,2024-07-25 01:00:00+00:00,11.978,80
1331,2024-07-26 01:00:00+00:00,12.115,81
1332,2024-07-27 01:00:00+00:00,12.259,87
1333,2024-07-28 01:00:00+00:00,12.441,91
1334,2024-07-29 01:00:00+00:00,12.608,78
1335,2024-07-30 01:00:00+00:00,12.438,75
1336,2024-07-31 01:00:00+00:00,12.432,70
1337,2024-08-01 01:00:00+00:00,12.904,85
1338,2024-08-02 01:00:00+00:00,13.283,80
1339,2024-08-03 01:00:00+00:00,13.505,92
1340,2024-08-04 01:00:00+00:00,13.786,97
1341,2024-08-05 01:00:00+00:00,13.815,75
1342,2024-08-06 01:00:00+00:00,13.593,68
1343,2024-08-07 01:00:00+00:00,13.687,81
1344,2024-08-08 01:00:00+00:00,13.081,83
1345,2024-08-09 01:00:00+00:00,13.007,96
1346,2024-08-10 01:00:00+00:00,12.948,84
1347,2024-08-11 01:00:00+00:00,13.219,85
1348,2024-08-12 01:00:00+00:00,13.027,71
1349,2024-08-13 01:00:00+00:00,13.135,86
1350,2024-08-14 01:00:00+00:00,13.168,86
1351,2024-08-15 01:00:00+00:00,13.198,84
1352,2024-08-16 01:00:00+00:00,13.392,89
1353,2024-08-17 01:00:00+00:00,13.252,98
1354,2024-08-18 01:00:00+00:00,12.927,105
1355,2024-08-19 01:00:00+00:00,12.73,140
1356,2024-08-20 01:00:00+00:00,13.445,131
1357,2024-08-21 01:00:00+00:00,12.986,113
1358,2024-08-22 01:00:00+00:00,12.565,88
1359,2024-08-23 01:00:00+00:00,12.54,99
1360,2024-08-24 01:00:00+00:00,13.224,74
1361,2024-08-25 01:00:00+00:00,13.336,79
1362,2024-08-26 01:00:00+00:00,13.256,81
1363,2024-08-27 01:00:00+00:00,13.151,79
1364,2024-08-28 01:00:00+00:00,13.622,65
1365,2024-08-29 01:00:00+00:00,13.494,85
1366,2024-08-30 01:00:00+00:00,13.635,83
1367,2024-08-31 01:00:00+00:00,13.613,85
1368,2024-09-01 01:00:00+00:00,13.929,86
1369,2024-09-02 01:00:00+00:00,13.886,74
1370,2024-09-03 01:00:00+00:00,13.99,73
1371,2024-09-04 01:00:00+00:00,13.89,84
1372,2024-09-05 01:00:00+00:00,14.308,66
1373,2024-09-06 01:00:00+00:00,14.652,77
1374,2024-09-07 01:00:00+00:00,14.791,89
1375,2024-09-08 01:00:00+00:00,14.979,82
1376,2024-09-09 01:00:00+00:00,15.504,74
1377,2024-09-10 01:00:00+00:00,14.761,64
1378,2024-09-11 01:00:00+00:00,15.548,84
1379,2024-09-12 01:00:00+00:00,15.455,124
1380,2024-09-13 01:00:00+00:00,15.788,123
1381,2024-09-14 01:00:00+00:00,17.19,135
1382,2024-09-15 01:00:00+00:00,18.323,131
1383,2024-09-16 01:00:00+00:00,19.173,87
1384,2024-09-17 01:00:00+00:00,18.357,88
1385,2024-09-18 01:00:00+00:00,17.771,88
1386,2024-09-19 01:00:00+00:00,19.557,142
1387,2024-09-20 01:00:00+00:00,22.082,171
1388,2024-09-21 01:00:00+00:00,23.619,165
1389,2024-09-22 01:00:00+00:00,23.209,140
1390,2024-09-23 01:00:00+00:00,21.494,131
1391,2024-09-24 01:00:00+00:00,22.233,86
1392,2024-09-25 01:00:00+00:00,21.272,90
1393,2024-09-26 01:00:00+00:00,20.8,95
1394,2024-09-27 01:00:00+00:00,20.887,78
1395,2024-09-28 01:00:00+00:00,19.702,98
1396,2024-09-29 01:00:00+00:00,18.541,140
1397,2024-09-30 01:00:00+00:00,19.972,92
1398,2024-10-01 01:00:00+00:00,20.528,54
1399,2024-10-02 01:00:00+00:00,19.904,89
1400,2024-10-03 01:00:00+00:00,19.381,411
1401,2024-10-04 01:00:00+00:00,19.037,179
1402,2024-10-05 01:00:00+00:00,21.018,149
1403,2024-10-06 01:00:00+00:00,23.591,179
1404,2024-10-07 01:00:00+00:00,25.18,91
1405,2024-10-08 01:00:00+00:00,24.492,121
1406,2024-10-09 01:00:00+00:00,24.615,87
1407,2024-10-10 01:00:00+00:00,24.709,110
1408,2024-10-11 01:00:00+00:00,23.696,89
1409,2024-10-12 01:00:00+00:00,22.915,87
1410,2024-10-13 01:00:00+00:00,22.291,63
1411,2024-10-14 01:00:00+00:00,21.252,88
1412,2024-10-15 01:00:00+00:00,21.97,83
1413,2024-10-16 01:00:00+00:00,23.113,73
1414,2024-10-17 01:00:00+00:00,23.334,74
1415,2024-10-18 01:00:00+00:00,22.86,91
1416,2024-10-19 01:00:00+00:00,22.37,71
1417,2024-10-20 01:00:00+00:00,22.073,63
1418,2024-10-21 01:00:00+00:00,21.579,63
1419,2024-10-22 01:00:00+00:00,21.493,52
1420,2024-10-23 01:00:00+00:00,20.964,61
1421,2024-10-24 01:00:00+00:00,21.099,51
1422,2024-10-25 01:00:00+00:00,21.281,61
1423,2024-10-26 01:00:00+00:00,21.04,66
1424,2024-10-27 01:00:00+00:00,20.638,68
1425,2024-10-28 01:00:00+00:00,20.801,69
1426,2024-10-29 01:00:00+00:00,20.516,73
1427,2024-10-30 01:00:00+00:00,20.496,74
1428,2024-10-31 01:00:00+00:00,19.518,78
1429,2024-11-01 01:00:00+00:00,19.673,55
1430,2024-11-02 01:00:00+00:00,20.165,68
1431,2024-11-03 01:00:00+00:00,20.007,72
1432,2024-11-04 01:00:00+00:00,19.665,56
1433,2024-11-05 01:00:00+00:00,20.248,58
1434,2024-11-06 01:00:00+00:00,19.956,65
1435,2024-11-07 01:00:00+00:00,19.984,67
1436,2024-11-08 01:00:00+00:00,19.683,55
1437,2024-11-09 01:00:00+00:00,20.101,74
1438,2024-11-10 01:00:00+00:00,19.803,54
1439,2024-11-11 01:00:00+00:00,19.805,40
1440,2024-11-12 01:00:00+00:00,19.559,46
1441,2024-11-13 01:00:00+00:00,19.133,50
1442,2024-11-14 01:00:00+00:00,19.202,54
1443,2024-11-15 01:00:00+00:00,18.726,80
1444,2024-11-16 01:00:00+00:00,19.039,74
1445,2024-11-17 01:00:00+00:00,19.147,78
1446,2024-11-18 01:00:00+00:00,19.214,62
1447,2024-11-19 01:00:00+00:00,19.262,68
1448,2024-11-20 01:00:00+00:00,19.185,76
1449,2024-11-21 01:00:00+00:00,18.978,82
1450,2024-11-22 01:00:00+00:00,19.602,81
1451,2024-11-23 01:00:00+00:00,19.381,61
1452,2024-11-24 01:00:00+00:00,19.41,57
1453,2024-11-25 01:00:00+00:00,19.36,51
1454,2024-11-26 01:00:00+00:00,19.121,59
1455,2024-11-27 01:00:00+00:00,19.002,95
1456,2024-11-28 01:00:00+00:00,17.509,167
1457,2024-11-29 01:00:00+00:00,17.55,99
1458,2024-11-30 01:00:00+00:00,17.416,85
1459,2024-12-01 01:00:00+00:00,17.593,78
1460,2024-12-02 01:00:00+00:00,17.792,63
1461,2024-12-03 01:00:00+00:00,17.936,57
1462,2024-12-04 01:00:00+00:00,18.002,71
1463,2024-12-05 01:00:00+00:00,18.284,61
1464,2024-12-06 01:00:00+00:00,17.91,60
1465,2024-12-07 01:00:00+00:00,18.188,69
1466,2024-12-08 01:00:00+00:00,18.032,86
1467,2024-12-09 01:00:00+00:00,17.761,54
1468,2024-12-10 01:00:00+00:00,17.697,44
1469,2024-12-11 01:00:00+00:00,17.808,51
1470,2024-12-12 01:00:00+00:00,17.392,54
1471,2024-12-13 01:00:00+00:00,17.168,61
1472,2024-12-14 01:00:00+00:00,16.956,59
1473,2024-12-15 01:00:00+00:00,17.181,59
1474,2024-12-16 01:00:00+00:00,15.976,88
1475,2024-12-17 01:00:00+00:00,15.865,67
1476,2024-12-18 01:00:00+00:00,16.445,55
1477,2024-12-19 01:00:00+00:00,15.772,79
1478,2024-12-20 01:00:00+00:00,15.902,84
1479,2024-12-21 01:00:00+00:00,15.92,66
1480,2024-12-22 01:00:00+00:00,15.746,66
1481,2024-12-23 01:00:00+00:00,15.621,76
1482,2024-12-24 01:00:00+00:00,15.559,70
1483,2024-12-25 01:00:00+00:00,15.979,84
1484,2024-12-26 01:00:00+00:00,16.472,62
1485,2024-12-27 01:00:00+00:00,15.93,70
1486,2024-12-28 01:00:00+00:00,16.029,76
1487,2024-12-29 01:00:00+00:00,16.537,67
1488,2024-12-30 01:00:00+00:00,16.059,75
1489,2024-12-31 01:00:00+00:00,15.98,74
1490,2025-01-01 01:00:00+00:00,16.168,89
1491,2025-01-02 01:00:00+00:00,15.744,62
1492,2025-01-03 01:00:00+00:00,16.111,94
1493,2025-01-04 01:00:00+00:00,16.89,76
1494,2025-01-05 01:00:00+00:00,17.053,77
1495,2025-01-06 01:00:00+00:00,16.843,58
1496,2025-01-07 01:00:00+00:00,16.519,64
1497,2025-01-08 01:00:00+00:00,16.61,87
1498,2025-01-09 01:00:00+00:00,16.979,71
1499,2025-01-10 01:00:00+00:00,16.66,74
1500,2025-01-11 01:00:00+00:00,17.077,81
1501,2025-01-12 01:00:00+00:00,16.993,59
1502,2025-01-13 01:00:00+00:00,16.278,58
1503,2025-01-14 01:00:00+00:00,16.323,84
1504,2025-01-15 01:00:00+00:00,15.822,85
1505,2025-01-16 01:00:00+00:00,15.904,81
1506,2025-01-17 01:00:00+00:00,15.749,80
1507,2025-01-18 01:00:00+00:00,15.815,81
1508,2025-01-19 01:00:00+00:00,16.062,99
1509,2025-01-20 01:00:00+00:00,15.842,66
1510,2025-01-21 01:00:00+00:00,15.959,64
1511,2025-01-22 01:00:00+00:00,15.884,65
1512,2025-01-23 01:00:00+00:00,15.574,90
1513,2025-01-24 01:00:00+00:00,15.443,79
1514,2025-01-25 01:00:00+00:00,15.29,95
1515,2025-01-26 01:00:00+00:00,15.069,74
1516,2025-01-27 01:00:00+00:00,15.209,87
1517,2025-01-28 01:00:00+00:00,15.74,75
1518,2025-01-29 01:00:00+00:00,16.293,79
1519,2025-01-30 01:00:00+00:00,16.827,51
1520,2025-01-31 01:00:00+00:00,16.875,66
1521,2025-02-01 01:00:00+00:00,15.838,115
1522,2025-02-02 01:00:00+00:00,16.337,103
1523,2025-02-03 01:00:00+00:00,16.723,105
1524,2025-02-04 01:00:00+00:00,16.228,68
1525,2025-02-05 01:00:00+00:00,16.929,78
1526,2025-02-06 01:00:00+00:00,17.063,77
1527,2025-02-07 01:00:00+00:00,17.194,82
1528,2025-02-08 01:00:00+00:00,16.645,82
1529,2025-02-09 01:00:00+00:00,17.057,77
1530,2025-02-10 01:00:00+00:00,16.887,76
1531,2025-02-11 01:00:00+00:00,16.449,74
1532,2025-02-12 01:00:00+00:00,17.119,65
1533,2025-02-13 01:00:00+00:00,16.715,81
1534,2025-02-14 01:00:00+00:00,17.511,97
1535,2025-02-15 01:00:00+00:00,17.353,88
1536,2025-02-16 01:00:00+00:00,17.652,91
1537,2025-02-17 01:00:00+00:00,17.765,75
1538,2025-02-18 01:00:00+00:00,18.245,76
1539,2025-02-19 01:00:00+00:00,18.185,76
1540,2025-02-20 01:00:00+00:00,18.216,54
1541,2025-02-21 01:00:00+00:00,18.491,73
1542,2025-02-22 01:00:00+00:00,18.542,72
1543,2025-02-23 01:00:00+00:00,18.595,78
1544,2025-02-24 01:00:00+00:00,18.623,69
1545,2025-02-25 01:00:00+00:00,18.47,63
1546,2025-02-26 01:00:00+00:00,18.671,75
1547,2025-02-27 01:00:00+00:00,18.224,67
1548,2025-02-28 01:00:00+00:00,18.668,84
1549,2025-03-01 01:00:00+00:00,18.569,96
1550,2025-03-02 01:00:00+00:00,19.166,73
1551,2025-03-03 01:00:00+00:00,18.749,57
1552,2025-03-04 01:00:00+00:00,18.714,62
1553,2025-03-05 01:00:00+00:00,18.858,80
1554,2025-03-06 01:00:00+00:00,19.334,95
1555,2025-03-07 01:00:00+00:00,20.05,114
1556,2025-03-08 01:00:00+00:00,20.012,100
1557,2025-03-09 01:00:00+00:00,20.234,89
1558,2025-03-10 01:00:00+00:00,19.49,77
1559,2025-03-11 01:00:00+00:00,19.739,65
1560,2025-03-12 01:00:00+00:00,19.857,70
1561,2025-03-13 01:00:00+00:00,19.363,79
1562,2025-03-14 01:00:00+00:00,18.097,100
1563,2025-03-15 01:00:00+00:00,17.739,142
1564,2025-03-16 01:00:00+00:00,17.809,104
1565,2025-03-17 01:00:00+00:00,17.505,94
1566,2025-03-18 01:00:00+00:00,17.368,84
1567,2025-03-19 01:00:00+00:00,17.094,94
1568,2025-03-20 01:00:00+00:00,17.434,79
1569,2025-03-21 01:00:00+00:00,17.703,80
1570,2025-03-22 01:00:00+00:00,17.472,85
1571,2025-03-23 01:00:00+00:00,17.509,90
1572,2025-03-24 01:00:00+00:00,17.748,75
1573,2025-03-25 01:00:00+00:00,17.62,68
1574,2025-03-26 01:00:00+00:00,18.326,71
1575,2025-03-27 01:00:00+00:00,17.76,69
1576,2025-03-28 01:00:00+00:00,17.76,71
1577,2025-03-29 01:00:00+00:00,18.511,68
1578,2025-03-30 01:00:00+00:00,18.023,76
1579,2025-03-31 01:00:00+00:00,18.541,69
1580,2025-04-01 01:00:00+00:00,16.852,148
1581,2025-04-02 01:00:00+00:00,17.298,97
1582,2025-04-03 01:00:00+00:00,17.151,81
1583,2025-04-04 01:00:00+00:00,17.225,73
1584,2025-04-05 01:00:00+00:00,17.712,95
1585,2025-04-06 01:00:00+00:00,18.097,87
1586,2025-04-07 01:00:00+00:00,17.443,71
1587,2025-04-08 01:00:00+00:00,17.273,64
1588,2025-04-09 01:00:00+00:00,17.187,96
1589,2025-04-10 01:00:00+00:00,18.002,79
1590,2025-04-11 01:00:00+00:00,17.862,80
1591,2025-04-12 01:00:00+00:00,18.47,78
1592,2025-04-13 01:00:00+00:00,17.835,81
1593,2025-04-14 01:00:00+00:00,18.487,67
1594,2025-04-15 01:00:00+00:00,18.701,81
1595,2025-04-16 01:00:00+00:00,18.31,70
1596,2025-04-17 01:00:00+00:00,18.084,87
1597,2025-04-18 01:00:00+00:00,18.009,71
1598,2025-04-19 01:00:00+00:00,17.886,63
1599,2025-04-20 01:00:00+00:00,18.449,63
1600,2025-04-21 01:00:00+00:00,18.244,67
1601,2025-04-22 01:00:00+00:00,18.057,76
1602,2025-04-23 01:00:00+00:00,18.255,69
1603,2025-04-24 01:00:00+00:00,16.857,66
1604,2025-04-25 01:00:00+00:00,17.187,70
1605,2025-04-26 01:00:00+00:00,17.607,88
1606,2025-04-27 01:00:00+00:00,18.089,79
1607,2025-04-28 01:00:00+00:00,17.321,75
1608,2025-04-29 01:00:00+00:00,17.246,56
1609,2025-04-30 01:00:00+00:00,17.708,89
1610,2025-05-01 01:00:00+00:00,17.89,82
1611,2025-05-02 01:00:00+00:00,17.941,70
1612,2025-05-03 01:00:00+00:00,18.176,94
1613,2025-05-04 01:00:00+00:00,19.316,166
1614,2025-05-05 01:00:00+00:00,20.142,91
1615,2025-05-06 01:00:00+00:00,20.609,84
1616,2025-05-07 01:00:00+00:00,20.261,74
1617,2025-05-08 01:00:00+00:00,19.889,72
1618,2025-05-09 01:00:00+00:00,19.755,65
1619,2025-05-10 01:00:00+00:00,20.184,60
1620,2025-05-11 01:00:00+00:00,20.125,75
1621,2025-05-12 01:00:00+00:00,20.493,77
1622,2025-05-13 01:00:00+00:00,21.015,78
1623,2025-05-14 01:00:00+00:00,21.141,78
1624,2025-05-15 01:00:00+00:00,21.178,70
1625,2025-05-16 01:00:00+00:00,21.12,66
1626,2025-05-17 01:00:00+00:00,21.188,80
1627,2025-05-18 01:00:00+00:00,21.89,61
1628,2025-05-19 01:00:00+00:00,20.979,67
1629,2025-05-20 01:00:00+00:00,20.896,33
1630,2025-05-20 15:00:00+00:00,20.549,6
1631,2025-05-20 16:00:00+00:00,19.936,3
1632,2025-05-20 17:00:00+00:00,20.269,2
1633,2025-05-20 18:00:00+00:00,20.632,6
1634,2025-05-20 19:00:00+00:00,19.919,3
1635,2025-05-20 20:00:00+00:00,20.391,6
1636,2025-05-20 22:00:00+00:00,19.993,2
1637,2025-05-21 00:00:00+00:00,20.869,1
1638,2025-05-21 01:00:00+00:00,21.05,1
1639,2025-05-21 02:00:00+00:00,20.237,2
1640,2025-05-21 05:00:00+00:00,20.98,1
1641,2025-05-21 06:00:00+00:00,21.529,2
1642,2025-05-21 07:00:00+00:00,20.993,3
1643,2025-05-21 08:00:00+00:00,19.923,2
1644,2025-05-21 09:00:00+00:00,18.98,2
1645,2025-05-21 10:00:00+00:00,19.543,3
1646,2025-05-21 11:00:00+00:00,18.971,5
1647,2025-05-21 12:00:00+00:00,20.548,3
1648,2025-05-21 13:00:00+00:00,20.171,1
1649,2025-05-21 14:00:00+00:00,19.499,5
1650,2025-05-21 15:00:00+00:00,19.945,5
1651,2025-05-21 16:00:00+00:00,20.306,10
1652,2025-05-21 17:00:00+00:00,18.98,3
1653,2025-05-21 18:00:00+00:00,18.983,4
1654,2025-05-21 19:00:00+00:00,20.425,3
1655,2025-05-21 20:00:00+00:00,19.747,3
1656,2025-05-21 22:00:00+00:00,19.909,3
1657,2025-05-21 23:00:00+00:00,20.422,3
1658,2025-05-22 00:00:00+00:00,20.006,1
1659,2025-05-22 01:00:00+00:00,20.415,3
1660,2025-05-22 02:00:00+00:00,20.193,4
1661,2025-05-22 03:00:00+00:00,20.415,1
1662,2025-05-22 04:00:00+00:00,20.424,3
1663,2025-05-22 05:00:00+00:00,18.545,1
1664,2025-05-22 06:00:00+00:00,18.525,1
1665,2025-05-22 07:00:00+00:00,20.065,2
1666,2025-05-22 08:00:00+00:00,19.394,2
1667,2025-05-22 09:00:00+00:00,20.003,5
1668,2025-05-22 10:00:00+00:00,20.062,4
1669,2025-05-22 11:00:00+00:00,20.006,1
1670,2025-05-22 12:00:00+00:00,20.459,4
1671,2025-05-22 13:00:00+00:00,20.424,4
1672,2025-05-22 14:00:00+00:00,20.005,3
1673,2025-05-22 15:00:00+00:00,20.003,5
1674,2025-05-22 16:00:00+00:00,20.432,4
1675,2025-05-22 17:00:00+00:00,20.347,1
1676,2025-05-22 18:00:00+00:00,19.089,2
1677,2025-05-22 19:00:00+00:00,20.416,4
1678,2025-05-22 20:00:00+00:00,16.979,1
1679,2025-05-22 21:00:00+00:00,20.095,1
1680,2025-05-22 22:00:00+00:00,20.006,1
1681,2025-05-22 23:00:00+00:00,20.006,1
1682,2025-05-23 00:00:00+00:00,20.007,5
1683,2025-05-23 01:00:00+00:00,18.527,1
1684,2025-05-23 02:00:00+00:00,17.831,1
1685,2025-05-23 03:00:00+00:00,18.423,2
1686,2025-05-23 04:00:00+00:00,18.316,5
1687,2025-05-23 05:00:00+00:00,18.02,4
1688,2025-05-23 06:00:00+00:00,18.053,9
1689,2025-05-23 07:00:00+00:00,18.131,2
1690,2025-05-23 08:00:00+00:00,18.124,10
1691,2025-05-23 09:00:00+00:00,18.164,4
1692,2025-05-23 10:00:00+00:00,18.724,8
1693,2025-05-23 11:00:00+00:00,18.556,4
1694,2025-05-23 12:00:00+00:00,18.665,2
1695,2025-05-23 13:00:00+00:00,18.522,4
1696,2025-05-23 14:00:00+00:00,17.884,5
1697,2025-05-23 15:00:00+00:00,17.98,13
1698,2025-05-23 16:00:00+00:00,18.138,2
1699,2025-05-23 17:00:00+00:00,18.326,9
1700,2025-05-23 18:00:00+00:00,18.117,3
1701,2025-05-23 19:00:00+00:00,18.57,6
1702,2025-05-23 20:00:00+00:00,18.858,7
1703,2025-05-23 21:00:00+00:00,18.162,5
1704,2025-05-23 22:00:00+00:00,19.218,3
1705,2025-05-23 23:00:00+00:00,18.71,3
1706,2025-05-24 00:00:00+00:00,17.518,3
1707,2025-05-24 01:00:00+00:00,18.685,1
1708,2025-05-24 02:00:00+00:00,19.246,3
1709,2025-05-24 03:00:00+00:00,19.336,1
1710,2025-05-24 04:00:00+00:00,18.075,1
1711,2025-05-24 05:00:00+00:00,18.791,1
1712,2025-05-24 06:00:00+00:00,19.218,1
1713,2025-05-24 08:00:00+00:00,18.166,6
1714,2025-05-24 09:00:00+00:00,18.551,3
1715,2025-05-24 10:00:00+00:00,18.486,4
1716,2025-05-24 11:00:00+00:00,18.187,8
1717,2025-05-24 12:00:00+00:00,18.615,12
1718,2025-05-24 13:00:00+00:00,18.127,14
1719,2025-05-24 14:00:00+00:00,18.205,3
1720,2025-05-24 15:00:00+00:00,19.187,1
1721,2025-05-24 16:00:00+00:00,18.179,4
1722,2025-05-24 17:00:00+00:00,18.249,3
1723,2025-05-24 18:00:00+00:00,18.714,7
1724,2025-05-24 19:00:00+00:00,18.735,11
1725,2025-05-24 20:00:00+00:00,18.458,5
1726,2025-05-24 21:00:00+00:00,18.872,7
1727,2025-05-24 22:00:00+00:00,18.523,5
1728,2025-05-24 23:00:00+00:00,18.658,4
1729,2025-05-25 00:00:00+00:00,18.37,2
1730,2025-05-25 01:00:00+00:00,19.334,13
1731,2025-05-25 02:00:00+00:00,17.866,2
1732,2025-05-25 03:00:00+00:00,18.066,3
1733,2025-05-25 04:00:00+00:00,18.867,3
1734,2025-05-25 05:00:00+00:00,18.867,1
1735,2025-05-25 07:00:00+00:00,18.127,1
1736,2025-05-25 08:00:00+00:00,18.527,7
1737,2025-05-25 09:00:00+00:00,19.196,3
1738,2025-05-25 10:00:00+00:00,18.493,7
1739,2025-05-25 11:00:00+00:00,18.506,10
1740,2025-05-25 12:00:00+00:00,19.199,6
1741,2025-05-25 13:00:00+00:00,18.734,5
1742,2025-05-25 14:00:00+00:00,18.402,8
1743,2025-05-25 15:00:00+00:00,18.292,4
1744,2025-05-25 16:00:00+00:00,18.684,8
1745,2025-05-25 17:00:00+00:00,19.218,9
1746,2025-05-25 18:00:00+00:00,18.319,5
1747,2025-05-25 19:00:00+00:00,18.95,8
1748,2025-05-25 20:00:00+00:00,19.146,5
1749,2025-05-25 21:00:00+00:00,19.339,3
1750,2025-05-25 22:00:00+00:00,19.459,2
1751,2025-05-25 23:00:00+00:00,16.712,2
1752,2025-05-26 00:00:00+00:00,19.04,5
1753,2025-05-26 02:00:00+00:00,19.571,3
1754,2025-05-26 03:00:00+00:00,19.702,1
1755,2025-05-26 05:00:00+00:00,18.284,1
1756,2025-05-26 06:00:00+00:00,19.096,1
1757,2025-05-26 07:00:00+00:00,19.192,2
1758,2025-05-26 08:00:00+00:00,18.881,3
1759,2025-05-26 09:00:00+00:00,18.11,1
1760,2025-05-26 10:00:00+00:00,18.971,16
1761,2025-05-26 11:00:00+00:00,19.687,5
1762,2025-05-26 12:00:00+00:00,19.813,8
1763,2025-05-26 13:00:00+00:00,19.661,8
1764,2025-05-26 14:00:00+00:00,19.941,9
1765,2025-05-26 15:00:00+00:00,20.015,8
1766,2025-05-26 16:00:00+00:00,20.545,4
1767,2025-05-26 17:00:00+00:00,20.529,6
1768,2025-05-26 18:00:00+00:00,19.784,6
1769,2025-05-26 19:00:00+00:00,20.186,7
1770,2025-05-26 20:00:00+00:00,20.673,7
1771,2025-05-26 21:00:00+00:00,20.018,2
1772,2025-05-26 22:00:00+00:00,20.85,5
1773,2025-05-26 23:00:00+00:00,19.641,1
1774,2025-05-27 00:00:00+00:00,20.299,2
1775,2025-05-27 01:00:00+00:00,20.73,4
1776,2025-05-27 02:00:00+00:00,20.31,1
1777,2025-05-27 03:00:00+00:00,20.791,7
1778,2025-05-27 04:00:00+00:00,20.928,1
1779,2025-05-27 05:00:00+00:00,20.913,2
1780,2025-05-27 08:00:00+00:00,20.94,4
1781,2025-05-27 09:00:00+00:00,20.545,1
1782,2025-05-27 10:00:00+00:00,20.98,15
1783,2025-05-27 11:00:00+00:00,20.545,3
1784,2025-05-27 12:00:00+00:00,20.852,2
1785,2025-05-27 13:00:00+00:00,20.545,3
1786,2025-05-27 14:00:00+00:00,20.371,1
1787,2025-05-27 15:00:00+00:00,20.676,6
1788,2025-05-27 16:00:00+00:00,21.511,45
1789,2025-05-27 17:00:00+00:00,21.215,8
1790,2025-05-27 18:00:00+00:00,21.861,9
1791,2025-05-27 19:00:00+00:00,22.008,3
1792,2025-05-27 20:00:00+00:00,22.62,2
1793,2025-05-27 22:00:00+00:00,19.736,4
1794,2025-05-27 23:00:00+00:00,21.641,4
1795,2025-05-28 01:00:00+00:00,22.25,11
1796,2025-05-28 02:00:00+00:00,23.202,3
1797,2025-05-28 03:00:00+00:00,22.729,7
1798,2025-05-28 04:00:00+00:00,22.906,6
1799,2025-05-28 05:00:00+00:00,22.935,2
1800,2025-05-28 06:00:00+00:00,22.085,1
1801,2025-05-28 07:00:00+00:00,22.947,8
1802,2025-05-28 08:00:00+00:00,21.18,1
1803,2025-05-28 09:00:00+00:00,22.951,4
1804,2025-05-28 10:00:00+00:00,21.676,1
1805,2025-05-28 11:00:00+00:00,21.763,7
1806,2025-05-28 12:00:00+00:00,22.359,4
1807,2025-05-28 13:00:00+00:00,22.015,3
1808,2025-05-28 14:00:00+00:00,22.307,8
1809,2025-05-28 15:00:00+00:00,21.985,6
1810,2025-05-28 16:00:00+00:00,22.953,4
1811,2025-05-28 17:00:00+00:00,22.007,1
1812,2025-05-28 18:00:00+00:00,21.746,3
1813,2025-05-28 19:00:00+00:00,21.641,4
1814,2025-05-28 20:00:00+00:00,22.25,3
1815,2025-05-28 21:00:00+00:00,22.175,2
1816,2025-05-28 22:00:00+00:00,21.728,6
1817,2025-05-29 00:00:00+00:00,22.967,1
1818,2025-05-29 02:00:00+00:00,22.007,3
1819,2025-05-29 05:00:00+00:00,21.424,1
1820,2025-05-29 06:00:00+00:00,21.895,2
1821,2025-05-29 07:00:00+00:00,21.724,4
1822,2025-05-29 08:00:00+00:00,21.685,7
1823,2025-05-29 09:00:00+00:00,20.658,1
1824,2025-05-29 10:00:00+00:00,21.631,6
1825,2025-05-29 11:00:00+00:00,20.911,1
1826,2025-05-29 12:00:00+00:00,20.643,2
1827,2025-05-29 13:00:00+00:00,21.175,3
1828,2025-05-29 14:00:00+00:00,21.637,5
1829,2025-05-29 15:00:00+00:00,21.642,4
1830,2025-05-29 16:00:00+00:00,20.545,3
1831,2025-05-29 17:00:00+00:00,21.605,3
1832,2025-05-29 18:00:00+00:00,21.828,6
1833,2025-05-29 19:00:00+00:00,21.873,7
1834,2025-05-29 20:00:00+00:00,21.102,4
1835,2025-05-29 21:00:00+00:00,22.266,3
1836,2025-05-29 22:00:00+00:00,22.303,2
1837,2025-05-29 23:00:00+00:00,20.998,2
1838,2025-05-30 00:00:00+00:00,21.563,3
1839,2025-05-30 01:00:00+00:00,21.05,3
1840,2025-05-30 02:00:00+00:00,21.342,2
1841,2025-05-30 03:00:00+00:00,22.007,1
1842,2025-05-30 08:00:00+00:00,20.972,8
1843,2025-05-30 09:00:00+00:00,20.815,4
1844,2025-05-30 10:00:00+00:00,20.58,5
1845,2025-05-30 11:00:00+00:00,21.051,3
1846,2025-05-30 12:00:00+00:00,21.158,1
1847,2025-05-30 13:00:00+00:00,20.671,5
1848,2025-05-30 14:00:00+00:00,20.913,3
1849,2025-05-30 15:00:00+00:00,20.798,4
1850,2025-05-30 16:00:00+00:00,21.462,4
1851,2025-05-30 17:00:00+00:00,21.154,4
1852,2025-05-30 18:00:00+00:00,21.624,5
1853,2025-05-30 19:00:00+00:00,20.68,2
1854,2025-05-30 20:00:00+00:00,21.395,3
1855,2025-05-30 21:00:00+00:00,21.653,5
1856,2025-05-30 22:00:00+00:00,21.205,4
1857,2025-05-30 23:00:00+00:00,21.659,3
1858,2025-05-31 00:00:00+00:00,21.145,3
1859,2025-05-31 02:00:00+00:00,20.767,2
1860,2025-05-31 03:00:00+00:00,21.68,6
1861,2025-05-31 04:00:00+00:00,21.465,4
1862,2025-05-31 05:00:00+00:00,21.876,14
1863,2025-05-31 06:00:00+00:00,21.467,1
1864,2025-05-31 07:00:00+00:00,22.28,11
1865,2025-05-31 08:00:00+00:00,21.519,5
1866,2025-05-31 09:00:00+00:00,21.676,1
1867,2025-05-31 10:00:00+00:00,20.876,5
1868,2025-05-31 11:00:00+00:00,21.389,4
1869,2025-05-31 12:00:00+00:00,22.076,9
1870,2025-05-31 13:00:00+00:00,22.52,7
1871,2025-05-31 14:00:00+00:00,23.447,2
1872,2025-05-31 15:00:00+00:00,22.333,6
1873,2025-05-31 16:00:00+00:00,20.747,2
1874,2025-05-31 17:00:00+00:00,22.012,5
1875,2025-05-31 18:00:00+00:00,22.659,5
1876,2025-05-31 19:00:00+00:00,21.954,2
1877,2025-05-31 20:00:00+00:00,22.894,7
1878,2025-05-31 21:00:00+00:00,22.42,6
1879,2025-05-31 22:00:00+00:00,22.063,2
1880,2025-05-31 23:00:00+00:00,22.93,8
1881,2025-06-01 00:00:00+00:00,22.146,3
1882,2025-06-01 01:00:00+00:00,22.937,6
1883,2025-06-01 02:00:00+00:00,22.172,1
1884,2025-06-01 03:00:00+00:00,22.307,2
1885,2025-06-01 04:00:00+00:00,23.062,12
1886,2025-06-01 05:00:00+00:00,23.92,19
1887,2025-06-01 06:00:00+00:00,24.555,15
1888,2025-06-01 07:00:00+00:00,24.716,3
1889,2025-06-01 08:00:00+00:00,22.537,4
1890,2025-06-01 09:00:00+00:00,23.894,12
1891,2025-06-01 10:00:00+00:00,25.264,28
1892,2025-06-01 11:00:00+00:00,26.634,19
1893,2025-06-01 12:00:00+00:00,26.475,4
1894,2025-06-01 13:00:00+00:00,26.98,5
1895,2025-06-01 14:00:00+00:00,26.417,9
1896,2025-06-01 15:00:00+00:00,26.153,4
1897,2025-06-01 16:00:00+00:00,26.112,3
1898,2025-06-01 17:00:00+00:00,25.921,5
1899,2025-06-01 18:00:00+00:00,25.782,1
1900,2025-06-01 19:00:00+00:00,25.782,3
1901,2025-06-01 20:00:00+00:00,26.007,5
1902,2025-06-01 21:00:00+00:00,26.391,16
1903,2025-06-01 22:00:00+00:00,25.86,3
1904,2025-06-02 01:00:00+00:00,26.793,4
1905,2025-06-02 02:00:00+00:00,26.738,5
1906,2025-06-02 03:00:00+00:00,26.597,2
1907,2025-06-02 04:00:00+00:00,25.864,2
1908,2025-06-02 05:00:00+00:00,25.86,1
1909,2025-06-02 06:00:00+00:00,25.155,1
1910,2025-06-02 07:00:00+00:00,24.707,2
1911,2025-06-02 08:00:00+00:00,26.043,11
1912,2025-06-02 09:00:00+00:00,25.829,4
1913,2025-06-02 10:00:00+00:00,25.195,6
1914,2025-06-02 11:00:00+00:00,25.616,3
1915,2025-06-02 12:00:00+00:00,23.842,2
1916,2025-06-02 13:00:00+00:00,25.814,3
1917,2025-06-02 14:00:00+00:00,25.255,2
1918,2025-06-02 16:00:00+00:00,24.391,8
1919,2025-06-02 17:00:00+00:00,25.225,3
1920,2025-06-02 18:00:00+00:00,25.225,5
1921,2025-06-02 19:00:00+00:00,24.367,3
1922,2025-06-02 20:00:00+00:00,17.736,1
1923,2025-06-02 21:00:00+00:00,24.697,2
1924,2025-06-02 22:00:00+00:00,25.083,2
1925,2025-06-02 23:00:00+00:00,24.306,4
1926,2025-06-03 01:00:00+00:00,23.816,3
1927,2025-06-03 04:00:00+00:00,23.281,2
1928,2025-06-03 05:00:00+00:00,23.885,1
1929,2025-06-03 06:00:00+00:00,22.783,2
1930,2025-06-03 07:00:00+00:00,23.707,4
1931,2025-06-03 08:00:00+00:00,24.059,3
1932,2025-06-03 09:00:00+00:00,25.011,2
1933,2025-06-03 10:00:00+00:00,24.39,4
1934,2025-06-03 11:00:00+00:00,24.127,4
1935,2025-06-03 12:00:00+00:00,25.508,10
1936,2025-06-03 13:00:00+00:00,26.21,3
1937,2025-06-03 14:00:00+00:00,25.877,7
1938,2025-06-03 15:00:00+00:00,26.356,7
1939,2025-06-03 16:00:00+00:00,25.268,6
1940,2025-06-03 17:00:00+00:00,26.037,8
1941,2025-06-03 18:00:00+00:00,26.451,9
1942,2025-06-03 19:00:00+00:00,27.743,8
1943,2025-06-03 20:00:00+00:00,23.964,3
1944,2025-06-03 21:00:00+00:00,24.425,1
1945,2025-06-03 22:00:00+00:00,23.955,4
1946,2025-06-03 23:00:00+00:00,27.668,1
1947,2025-06-04 00:00:00+00:00,27.721,7
1948,2025-06-04 04:00:00+00:00,27.521,1
1949,2025-06-04 06:00:00+00:00,27.452,1
1950,2025-06-04 09:00:00+00:00,27.672,4
1951,2025-06-04 10:00:00+00:00,27.339,2
1952,2025-06-04 11:00:00+00:00,27.83,26
1953,2025-06-04 12:00:00+00:00,28.582,18
1954,2025-06-04 13:00:00+00:00,28.556,6
1955,2025-06-04 14:00:00+00:00,27.817,3
1956,2025-06-04 15:00:00+00:00,28.139,2
1957,2025-06-04 16:00:00+00:00,28.556,5
1958,2025-06-04 17:00:00+00:00,28.574,5
1959,2025-06-04 18:00:00+00:00,28.517,4
1960,2025-06-04 19:00:00+00:00,28.751,4
1961,2025-06-04 20:00:00+00:00,29.027,5
1962,2025-06-04 21:00:00+00:00,28.522,1
1963,2025-06-04 22:00:00+00:00,28.862,5
1964,2025-06-04 23:00:00+00:00,28.896,2
1965,2025-06-05 00:00:00+00:00,29.276,1
1966,2025-06-05 01:00:00+00:00,29.835,1
1967,2025-06-05 02:00:00+00:00,28.423,5
1968,2025-06-05 03:00:00+00:00,28.263,1
1969,2025-06-05 04:00:00+00:00,28.681,1
1970,2025-06-05 06:00:00+00:00,29.745,1
1971,2025-06-05 07:00:00+00:00,29.479,1
1972,2025-06-05 09:00:00+00:00,28.109,2
1973,2025-06-05 10:00:00+00:00,25.856,2
1974,2025-06-05 11:00:00+00:00,27.608,3
1975,2025-06-05 12:00:00+00:00,27.46,3
1976,2025-06-05 13:00:00+00:00,24.038,2
1977,2025-06-05 14:00:00+00:00,25.869,1
1978,2025-06-05 15:00:00+00:00,28.77,4
1979,2025-06-05 16:00:00+00:00,28.161,2
1980,2025-06-05 17:00:00+00:00,28.204,2
1981,2025-06-05 18:00:00+00:00,27.678,6
1982,2025-06-05 19:00:00+00:00,27.385,2
1983,2025-06-05 20:00:00+00:00,27.182,1
1984,2025-06-05 21:00:00+00:00,27.943,4
1985,2025-06-05 22:00:00+00:00,26.53,3
1986,2025-06-05 23:00:00+00:00,25.06,2
1987,2025-06-06 00:00:00+00:00,28.678,1
1988,2025-06-06 01:00:00+00:00,27.942,1
1989,2025-06-06 03:00:00+00:00,28.401,2
1990,2025-06-06 04:00:00+00:00,28.945,2
1991,2025-06-06 05:00:00+00:00,29.052,1
1992,2025-06-06 06:00:00+00:00,28.104,1
1993,2025-06-06 07:00:00+00:00,27.956,2
1994,2025-06-06 08:00:00+00:00,28.565,2
1995,2025-06-06 09:00:00+00:00,28.021,4
1996,2025-06-06 10:00:00+00:00,26.986,4
1997,2025-06-06 11:00:00+00:00,28.009,2
1998,2025-06-06 12:00:00+00:00,28.098,4
1999,2025-06-06 13:00:00+00:00,27.869,8
2000,2025-06-06 14:00:00+00:00,27.608,2
2001,2025-06-06 15:00:00+00:00,26.947,3
2002,2025-06-06 16:00:00+00:00,27.369,2
2003,2025-06-06 17:00:00+00:00,27.382,10
2004,2025-06-06 18:00:00+00:00,27.822,9
2005,2025-06-06 19:00:00+00:00,27.199,6
2006,2025-06-06 20:00:00+00:00,27.434,1
2007,2025-06-06 21:00:00+00:00,28.021,4
2008,2025-06-06 22:00:00+00:00,28.435,3
2009,2025-06-06 23:00:00+00:00,27.683,1
2010,2025-06-07 02:00:00+00:00,26.251,1
2011,2025-06-07 03:00:00+00:00,26.251,3
2012,2025-06-07 04:00:00+00:00,26.086,3
2013,2025-06-07 05:00:00+00:00,26.286,3
2014,2025-06-07 06:00:00+00:00,26.147,5
2015,2025-06-07 07:00:00+00:00,26.108,2
2016,2025-06-07 08:00:00+00:00,25.477,1
2017,2025-06-07 09:00:00+00:00,26.207,2
2018,2025-06-07 10:00:00+00:00,26.434,5
2019,2025-06-07 11:00:00+00:00,26.621,4
2020,2025-06-07 12:00:00+00:00,26.33,6
2021,2025-06-07 13:00:00+00:00,27.248,5
2022,2025-06-07 14:00:00+00:00,26.468,4
2023,2025-06-07 15:00:00+00:00,26.33,7
2024,2025-06-07 16:00:00+00:00,26.425,1
2025,2025-06-07 17:00:00+00:00,26.737,2
2026,2025-06-07 18:00:00+00:00,26.617,3
2027,2025-06-07 19:00:00+00:00,27.789,4
2028,2025-06-07 20:00:00+00:00,26.098,1
2029,2025-06-07 21:00:00+00:00,26.989,2
2030,2025-06-07 22:00:00+00:00,26.825,3
2031,2025-06-07 23:00:00+00:00,27.584,1
2032,2025-06-08 02:00:00+00:00,26.978,1
2033,2025-06-08 03:00:00+00:00,23.416,2
2034,2025-06-08 04:00:00+00:00,26.969,2
2035,2025-06-08 05:00:00+00:00,27.339,10
2036,2025-06-08 06:00:00+00:00,27.824,2
2037,2025-06-08 07:00:00+00:00,25.064,2
2038,2025-06-08 09:00:00+00:00,27.266,1
2039,2025-06-08 10:00:00+00:00,27.147,3
2040,2025-06-08 11:00:00+00:00,26.199,4
2041,2025-06-08 12:00:00+00:00,26.943,4
2042,2025-06-08 13:00:00+00:00,27.156,3
2043,2025-06-08 14:00:00+00:00,27.282,2
2044,2025-06-08 15:00:00+00:00,26.878,7
2045,2025-06-08 16:00:00+00:00,27.267,4
2046,2025-06-08 17:00:00+00:00,27.078,4
2047,2025-06-08 18:00:00+00:00,27.195,4
2048,2025-06-08 19:00:00+00:00,26.721,4
2049,2025-06-08 20:00:00+00:00,26.638,4
2050,2025-06-08 21:00:00+00:00,26.478,3
2051,2025-06-08 22:00:00+00:00,26.596,2
2052,2025-06-09 00:00:00+00:00,26.464,2
2053,2025-06-09 01:00:00+00:00,26.97,2
2054,2025-06-09 02:00:00+00:00,26.714,2
2055,2025-06-09 03:00:00+00:00,26.841,2
2056,2025-06-09 05:00:00+00:00,26.086,3
2057,2025-06-09 06:00:00+00:00,26.325,4
2058,2025-06-09 07:00:00+00:00,26.999,2
2059,2025-06-09 08:00:00+00:00,27.13,1
2060,2025-06-09 09:00:00+00:00,26.156,1
2061,2025-06-09 10:00:00+00:00,25.425,3
2062,2025-06-09 12:00:00+00:00,26.647,4
2063,2025-06-09 13:00:00+00:00,26.256,2
2064,2025-06-09 14:00:00+00:00,26.997,5
2065,2025-06-09 15:00:00+00:00,25.738,3
2066,2025-06-09 16:00:00+00:00,24.077,2
2067,2025-06-09 17:00:00+00:00,25.555,5
2068,2025-06-09 18:00:00+00:00,25.395,4
2069,2025-06-09 19:00:00+00:00,27.091,3
2070,2025-06-09 21:00:00+00:00,27.088,2
2071,2025-06-09 22:00:00+00:00,26.651,4
2072,2025-06-09 23:00:00+00:00,18.701,1
2073,2025-06-10 00:00:00+00:00,25.564,1
2074,2025-06-10 01:00:00+00:00,26.617,1
2075,2025-06-10 02:00:00+00:00,25.52,1
2076,2025-06-10 04:00:00+00:00,26.668,3
2077,2025-06-10 05:00:00+00:00,27.339,2
2078,2025-06-10 08:00:00+00:00,25.564,1
2079,2025-06-10 09:00:00+00:00,26.698,2
2080,2025-06-10 10:00:00+00:00,26.499,5
2081,2025-06-10 11:00:00+00:00,25.429,2
2082,2025-06-10 12:00:00+00:00,24.477,2
2083,2025-06-10 13:00:00+00:00,25.564,1
2084,2025-06-10 14:00:00+00:00,25.577,4
2085,2025-06-10 15:00:00+00:00,26.003,6
2086,2025-06-10 16:00:00+00:00,26.23,4
2087,2025-06-10 17:00:00+00:00,24.633,4
2088,2025-06-10 18:00:00+00:00,26.551,2
2089,2025-06-10 19:00:00+00:00,24.355,5
2090,2025-06-10 21:00:00+00:00,27.137,1
2091,2025-06-10 22:00:00+00:00,25.87,1
2092,2025-06-11 01:00:00+00:00,26.085,4
2093,2025-06-11 03:00:00+00:00,25.55,2
2094,2025-06-11 05:00:00+00:00,26.451,1
2095,2025-06-11 08:00:00+00:00,26.13,3
2096,2025-06-11 09:00:00+00:00,26.623,1
2097,2025-06-11 10:00:00+00:00,26.671,7
2098,2025-06-11 11:00:00+00:00,26.865,6
2099,2025-06-11 12:00:00+00:00,26.469,5
2100,2025-06-11 13:00:00+00:00,27.398,3
2101,2025-06-11 14:00:00+00:00,27.64,8
2102,2025-06-11 15:00:00+00:00,27.503,8
2103,2025-06-11 16:00:00+00:00,27.286,4
2104,2025-06-11 17:00:00+00:00,28.382,9
2105,2025-06-11 19:00:00+00:00,28.182,5
2106,2025-06-11 20:00:00+00:00,26.564,1
2107,2025-06-11 21:00:00+00:00,28.488,3
2108,2025-06-11 22:00:00+00:00,28.12,6
2109,2025-06-11 23:00:00+00:00,28.704,3
2110,2025-06-12 01:00:00+00:00,28.496,2
2111,2025-06-12 02:00:00+00:00,28.398,3
2112,2025-06-12 05:00:00+00:00,29.052,11
2113,2025-06-12 07:00:00+00:00,29.357,3
2114,2025-06-12 08:00:00+00:00,29.581,4
2115,2025-06-12 09:00:00+00:00,26.921,1
2116,2025-06-12 10:00:00+00:00,27.652,3
2117,2025-06-12 11:00:00+00:00,27.721,7
2118,2025-06-12 12:00:00+00:00,29.23,3
2119,2025-06-12 13:00:00+00:00,29.183,2
2120,2025-06-12 14:00:00+00:00,29.626,6
2121,2025-06-12 15:00:00+00:00,29.731,5
2122,2025-06-12 16:00:00+00:00,29.966,14
2123,2025-06-12 17:00:00+00:00,30.627,11
2124,2025-06-12 18:00:00+00:00,30.787,4
2125,2025-06-12 19:00:00+00:00,29.461,6
2126,2025-06-12 20:00:00+00:00,29.891,3
2127,2025-06-12 21:00:00+00:00,30.296,8
2128,2025-06-12 22:00:00+00:00,30.129,1
2129,2025-06-12 23:00:00+00:00,29.156,2
2130,2025-06-13 00:00:00+00:00,29.391,2
2131,2025-06-13 01:00:00+00:00,29.931,1
2132,2025-06-13 02:00:00+00:00,30.348,3
2133,2025-06-13 03:00:00+00:00,30.49,6
2134,2025-06-13 04:00:00+00:00,30.157,5
2135,2025-06-13 06:00:00+00:00,31.226,3
2136,2025-06-13 07:00:00+00:00,25.046,1
2137,2025-06-13 08:00:00+00:00,30.627,3
2138,2025-06-13 09:00:00+00:00,31.453,3
2139,2025-06-13 10:00:00+00:00,26.761,3
2140,2025-06-13 11:00:00+00:00,31.688,7
2141,2025-06-13 12:00:00+00:00,32.81,15
2142,2025-06-13 13:00:00+00:00,33.975,9
2143,2025-06-13 14:00:00+00:00,33.923,7
2144,2025-06-13 15:00:00+00:00,34.784,7
2145,2025-06-13 16:00:00+00:00,33.923,9
2146,2025-06-13 17:00:00+00:00,35.654,6
2147,2025-06-13 18:00:00+00:00,35.664,6
2148,2025-06-13 19:00:00+00:00,37.194,10
2149,2025-06-13 20:00:00+00:00,35.271,1
2150,2025-06-13 21:00:00+00:00,34.758,5
2151,2025-06-13 22:00:00+00:00,34.784,1
2152,2025-06-13 23:00:00+00:00,35.028,3
2153,2025-06-14 00:00:00+00:00,37.063,7
2154,2025-06-14 02:00:00+00:00,36.54,3
2155,2025-06-14 03:00:00+00:00,36.533,3
2156,2025-06-14 05:00:00+00:00,36.367,2
2157,2025-06-14 06:00:00+00:00,36.633,2
2158,2025-06-14 07:00:00+00:00,36.359,1
2159,2025-06-14 08:00:00+00:00,35.976,1
2160,2025-06-14 09:00:00+00:00,29.024,2
2161,2025-06-14 10:00:00+00:00,31.879,4
2162,2025-06-14 11:00:00+00:00,36.637,5
2163,2025-06-14 12:00:00+00:00,36.533,3
2164,2025-06-14 13:00:00+00:00,36.637,5
2165,2025-06-14 14:00:00+00:00,36.567,3
2166,2025-06-14 15:00:00+00:00,37.546,13
2167,2025-06-14 16:00:00+00:00,35.532,2
2168,2025-06-14 17:00:00+00:00,36.38,4
2169,2025-06-14 18:00:00+00:00,36.533,3
2170,2025-06-14 19:00:00+00:00,36.641,4
2171,2025-06-14 20:00:00+00:00,36.629,6
2172,2025-06-14 21:00:00+00:00,36.772,2
2173,2025-06-14 22:00:00+00:00,34.517,1
2174,2025-06-14 23:00:00+00:00,36.703,1
2175,2025-06-15 01:00:00+00:00,37.463,1
2176,2025-06-15 02:00:00+00:00,34.246,1
2177,2025-06-15 03:00:00+00:00,36.331,1
2178,2025-06-15 04:00:00+00:00,37.109,5
2179,2025-06-15 05:00:00+00:00,34.799,1
2180,2025-06-15 06:00:00+00:00,21.585,1
2181,2025-06-15 07:00:00+00:00,24.533,2
2182,2025-06-15 08:00:00+00:00,31.061,2
2183,2025-06-15 09:00:00+00:00,34.732,1
2184,2025-06-15 10:00:00+00:00,33.362,2
2185,2025-06-15 12:00:00+00:00,34.461,4
2186,2025-06-15 13:00:00+00:00,36.011,13
2187,2025-06-15 14:00:00+00:00,37.463,15
2188,2025-06-15 15:00:00+00:00,35.011,1
2189,2025-06-15 16:00:00+00:00,35.074,7
2190,2025-06-15 17:00:00+00:00,36.62,2
2191,2025-06-15 19:00:00+00:00,35.15,1
2192,2025-06-15 20:00:00+00:00,34.045,3
2193,2025-06-15 21:00:00+00:00,34.423,2
2194,2025-06-15 23:00:00+00:00,35.184,1
2195,2025-06-16 00:00:00+00:00,35.167,1
2196,2025-06-16 02:00:00+00:00,33.923,3
2197,2025-06-16 03:00:00+00:00,35.637,2
2198,2025-06-16 04:00:00+00:00,35.121,1
2199,2025-06-16 05:00:00+00:00,35.906,6
2200,2025-06-16 07:00:00+00:00,35.906,3
2201,2025-06-16 08:00:00+00:00,35.028,1
2202,2025-06-16 09:00:00+00:00,36.37,5
2203,2025-06-16 10:00:00+00:00,35.437,1
2204,2025-06-16 11:00:00+00:00,35.585,1
2205,2025-06-16 12:00:00+00:00,34.863,1
2206,2025-06-16 13:00:00+00:00,35.767,6
2207,2025-06-16 14:00:00+00:00,35.263,1
2208,2025-06-16 15:00:00+00:00,35.354,6
2209,2025-06-16 16:00:00+00:00,31.866,2
2210,2025-06-16 17:00:00+00:00,35.859,2
2211,2025-06-16 18:00:00+00:00,36.025,3
2212,2025-06-16 19:00:00+00:00,33.714,3
2213,2025-06-16 20:00:00+00:00,31.475,2
2214,2025-06-16 21:00:00+00:00,33.101,2
2215,2025-06-16 22:00:00+00:00,36.115,7
2216,2025-06-17 01:00:00+00:00,35.837,1
2217,2025-06-17 02:00:00+00:00,35.924,3
2218,2025-06-17 03:00:00+00:00,35.828,2
2219,2025-06-17 04:00:00+00:00,36.687,1
2220,2025-06-17 06:00:00+00:00,37.279,16
2221,2025-06-17 07:00:00+00:00,35.837,3
2222,2025-06-17 08:00:00+00:00,35.211,1
2223,2025-06-17 09:00:00+00:00,35.737,2
2224,2025-06-17 10:00:00+00:00,34.845,2
2225,2025-06-17 11:00:00+00:00,35.08,4
2226,2025-06-17 12:00:00+00:00,35.88,1
2227,2025-06-17 13:00:00+00:00,35.876,2
2228,2025-06-17 14:00:00+00:00,35.306,3
2229,2025-06-17 15:00:00+00:00,36.059,4
2230,2025-06-17 16:00:00+00:00,36.82,13
2231,2025-06-17 17:00:00+00:00,36.959,3
2232,2025-06-17 18:00:00+00:00,33.11,2
2233,2025-06-17 19:00:00+00:00,33.497,2
2234,2025-06-17 20:00:00+00:00,26.225,1
2235,2025-06-17 21:00:00+00:00,36.968,5
2236,2025-06-17 22:00:00+00:00,36.45,2
2237,2025-06-17 23:00:00+00:00,34.784,1
2238,2025-06-18 00:00:00+00:00,37.465,4
2239,2025-06-18 01:00:00+00:00,20.668,2
2240,2025-06-18 02:00:00+00:00,36.917,2
2241,2025-06-18 04:00:00+00:00,26.203,2
2242,2025-06-18 05:00:00+00:00,37.007,1
2243,2025-06-18 06:00:00+00:00,42.378,1
2244,2025-06-18 07:00:00+00:00,38.359,17
2245,2025-06-18 08:00:00+00:00,40.129,12
2246,2025-06-18 09:00:00+00:00,39.602,1
2247,2025-06-18 10:00:00+00:00,39.421,7
2248,2025-06-18 11:00:00+00:00,40.29,9
2249,2025-06-18 12:00:00+00:00,40.36,4
2250,2025-06-18 13:00:00+00:00,40.856,9
2251,2025-06-18 14:00:00+00:00,39.977,3
2252,2025-06-18 16:00:00+00:00,40.395,4
2253,2025-06-18 17:00:00+00:00,41.569,3
2254,2025-06-18 18:00:00+00:00,39.212,1
2255,2025-06-18 19:00:00+00:00,40.142,3
2256,2025-06-18 20:00:00+00:00,39.551,2
2257,2025-06-18 21:00:00+00:00,37.011,3
2258,2025-06-18 22:00:00+00:00,40.545,1
2259,2025-06-18 23:00:00+00:00,38.142,1
2260,2025-06-19 00:00:00+00:00,38.929,2
2261,2025-06-19 01:00:00+00:00,36.515,1
2262,2025-06-19 02:00:00+00:00,38.12,1
2263,2025-06-19 03:00:00+00:00,37.385,3
2264,2025-06-19 04:00:00+00:00,39.914,4
2265,2025-06-19 05:00:00+00:00,40.577,4
2266,2025-06-19 06:00:00+00:00,41.461,1
2267,2025-06-19 07:00:00+00:00,37.15,1
2268,2025-06-19 08:00:00+00:00,40.012,1
2269,2025-06-19 09:00:00+00:00,38.459,2
2270,2025-06-19 11:00:00+00:00,39.941,2
2271,2025-06-19 12:00:00+00:00,38.89,1
2272,2025-06-19 13:00:00+00:00,36.167,1
2273,2025-06-19 14:00:00+00:00,40.447,4
2274,2025-06-19 15:00:00+00:00,39.751,4
2275,2025-06-19 16:00:00+00:00,38.925,1
2276,2025-06-19 17:00:00+00:00,38.903,4
2277,2025-06-19 18:00:00+00:00,38.542,3
2278,2025-06-19 19:00:00+00:00,39.02,1
2279,2025-06-19 20:00:00+00:00,38.568,5
2280,2025-06-19 21:00:00+00:00,38.755,6
2281,2025-06-19 22:00:00+00:00,39.012,3
2282,2025-06-19 23:00:00+00:00,38.298,2
2283,2025-06-20 00:00:00+00:00,38.272,4
2284,2025-06-20 02:00:00+00:00,38.881,3
2285,2025-06-20 04:00:00+00:00,37.837,3
2286,2025-06-20 05:00:00+00:00,37.663,2
2287,2025-06-20 07:00:00+00:00,38.238,2
2288,2025-06-20 08:00:00+00:00,37.694,2
2289,2025-06-20 09:00:00+00:00,37.611,1
2290,2025-06-20 10:00:00+00:00,38.09,3
2291,2025-06-20 11:00:00+00:00,37.276,2
2292,2025-06-20 12:00:00+00:00,37.768,3
2293,2025-06-20 13:00:00+00:00,37.063,3
